-- phpMyAdmin SQL Dump
-- version 5.2.1
-- https://www.phpmyadmin.net/
--
-- Servidor: 127.0.0.1
-- Tiempo de generación: 25-11-2025 a las 01:26:32
-- Versión del servidor: 10.4.32-MariaDB
-- Versión de PHP: 8.2.12

SET SQL_MODE = "NO_AUTO_VALUE_ON_ZERO";
START TRANSACTION;
SET time_zone = "+00:00";


/*!40101 SET @OLD_CHARACTER_SET_CLIENT=@@CHARACTER_SET_CLIENT */;
/*!40101 SET @OLD_CHARACTER_SET_RESULTS=@@CHARACTER_SET_RESULTS */;
/*!40101 SET @OLD_COLLATION_CONNECTION=@@COLLATION_CONNECTION */;
/*!40101 SET NAMES utf8mb4 */;

--
-- Base de datos: `abmgreta`
--

-- --------------------------------------------------------

--
-- Estructura de tabla para la tabla `asistencias`
--

CREATE TABLE `asistencias` (
  `id` int(11) NOT NULL,
  `id_usuario` int(11) NOT NULL,
  `fecha` date NOT NULL,
  `asistencia` tinyint(1) NOT NULL,
  `hora_ingreso` time DEFAULT NULL,
  `hora_salida` time DEFAULT NULL,
  `anotaciones` text DEFAULT NULL
) ENGINE=InnoDB DEFAULT CHARSET=utf8mb4 COLLATE=utf8mb4_general_ci;

--
-- Volcado de datos para la tabla `asistencias`
--

INSERT INTO `asistencias` (`id`, `id_usuario`, `fecha`, `asistencia`, `hora_ingreso`, `hora_salida`, `anotaciones`) VALUES
(13, 4, '2025-07-08', 1, '09:15:00', '19:45:00', 'Jornada completa - turnos distribuidos'),
(14, 1, '2025-07-08', 1, '08:45:00', '20:15:00', 'Apertura y cierre - supervisión administrativa'),
(15, 2, '2025-07-08', 1, '09:20:00', '19:50:00', 'Turnos tarde - agenda completa'),
(16, 3, '2025-07-08', 1, '09:10:00', '18:30:00', 'Jornada completa - salida temprano por capacitación'),
(17, 5, '2025-07-08', 1, '09:25:00', '19:35:00', 'Asistencia normal - turnos programados'),
(19, 3, '2025-07-23', 0, NULL, NULL, 'Ausencia justificada - consulta médica programada'),
(21, 5, '2025-07-30', 1, '09:30:00', '19:55:00', 'Llegada tarde por tráfico - turnos extendidos'),
(22, 10, '2025-09-01', 0, NULL, NULL, 'Usuario inactivo - baja del sistema'),
(23, 1, '2025-08-01', 1, '09:05:00', '19:45:00', 'Turno completo - agenda llena'),
(24, 2, '2025-08-01', 1, '09:15:00', '20:00:00', 'Turno tarde - clientes programados'),
(25, 3, '2025-08-01', 1, '09:00:00', '19:30:00', 'Asistencia normal - último turno 19:00'),
(26, 4, '2025-08-01', 1, '09:20:00', '19:50:00', 'Extensión por cliente'),
(27, 5, '2025-08-01', 0, NULL, NULL, 'Licencia médica'),
(28, 6, '2025-08-01', 1, '09:10:00', '17:00:00', 'Media jornada - capacitación tarde'),
(29, 7, '2025-08-01', 1, '09:30:00', '20:00:00', 'Llegada tarde - tráfico'),
(30, 8, '2025-08-01', 1, '09:00:00', '19:00:00', 'Jornada completa'),
(31, 12, '2025-08-01', 1, '08:45:00', '20:15:00', 'Apertura y cierre - supervisión'),
(32, 1, '2025-08-02', 1, '09:00:00', '16:30:00', 'Sábado - último turno 16:00'),
(33, 2, '2025-08-02', 1, '09:15:00', '17:00:00', 'Sábado - agenda completa'),
(34, 3, '2025-08-02', 0, NULL, NULL, 'Fin de semana libre'),
(35, 4, '2025-08-02', 1, '09:05:00', '16:45:00', 'Sábado - turnos mañana'),
(36, 5, '2025-08-02', 0, NULL, NULL, 'Licencia médica'),
(37, 6, '2025-08-02', 1, '09:00:00', '13:00:00', 'Media jornada sábado'),
(38, 7, '2025-08-02', 1, '09:25:00', '17:00:00', 'Sábado - clientes programados'),
(39, 8, '2025-08-02', 0, NULL, NULL, 'Fin de semana libre'),
(40, 12, '2025-08-02', 1, '08:50:00', '17:15:00', 'Supervisión sábado'),
(41, 1, '2025-08-04', 1, '09:02:00', '19:30:00', 'Lunes - agenda cargada'),
(42, 2, '2025-08-04', 1, '09:20:00', '19:45:00', 'Turnos tarde'),
(43, 3, '2025-08-04', 0, NULL, NULL, 'Licencia médica'),
(44, 4, '2025-08-04', 1, '09:30:00', '19:50:00', 'Llegada programada'),
(45, 5, '2025-08-04', 1, '09:10:00', '19:00:00', 'Jornada completa'),
(46, 6, '2025-08-04', 1, '09:05:00', '16:00:00', 'Media jornada - estudio'),
(47, 7, '2025-08-04', 1, '09:28:00', '19:40:00', 'Asistencia normal'),
(48, 8, '2025-08-04', 1, '09:12:00', '19:15:00', 'Turnos programados'),
(49, 12, '2025-08-04', 1, '08:45:00', '20:05:00', 'Coordinación semanal'),
(50, 1, '2025-08-05', 1, '09:07:00', '19:25:00', 'Agenda completa'),
(51, 2, '2025-08-05', 1, '09:22:00', '19:50:00', 'Último turno 19:30'),
(52, 3, '2025-08-05', 0, NULL, NULL, 'Licencia médica'),
(53, 4, '2025-08-05', 1, '09:15:00', '19:20:00', 'Asistencia normal'),
(54, 5, '2025-08-05', 1, '09:08:00', '18:30:00', 'Salida temprano - familiar'),
(55, 6, '2025-08-05', 1, '09:10:00', '19:05:00', 'Jornada completa'),
(56, 7, '2025-08-05', 1, '09:40:00', '19:55:00', 'Llegada tarde - tráfico'),
(57, 8, '2025-08-05', 1, '09:18:00', '19:25:00', 'Turnos distribuidos'),
(58, 12, '2025-08-05', 1, '08:50:00', '20:00:00', 'Reunión proveedores'),
(59, 1, '2025-08-06', 1, '09:03:00', '19:00:00', 'Asistencia normal'),
(60, 2, '2025-08-06', 1, '09:25:00', '19:45:00', 'Turnos tarde'),
(61, 3, '2025-08-06', 1, '09:15:00', '17:30:00', 'Media jornada - capacitación'),
(62, 4, '2025-08-06', 0, NULL, NULL, 'Vacaciones'),
(63, 5, '2025-08-06', 1, '09:12:00', '19:15:00', 'Jornada completa'),
(64, 6, '2025-08-06', 1, '09:07:00', '19:10:00', 'Agenda cargada'),
(65, 7, '2025-08-06', 1, '09:32:00', '19:40:00', 'Asistencia normal'),
(66, 8, '2025-08-06', 1, '09:20:00', '19:30:00', 'Turnos programados'),
(67, 12, '2025-08-06', 1, '08:55:00', '20:10:00', 'Inventario y cierre'),
(68, 1, '2025-08-07', 1, '09:05:00', '19:15:00', 'Asistencia normal'),
(69, 2, '2025-08-07', 1, '09:18:00', '19:35:00', 'Turnos distribuidos'),
(70, 3, '2025-08-07', 1, '09:10:00', '19:20:00', 'Jornada completa'),
(71, 4, '2025-08-07', 0, NULL, NULL, 'Vacaciones'),
(72, 5, '2025-08-07', 0, NULL, NULL, 'Permiso personal'),
(73, 6, '2025-08-07', 1, '09:08:00', '19:10:00', 'Agenda completa'),
(74, 7, '2025-08-07', 1, '09:35:00', '19:45:00', 'Asistencia normal'),
(75, 8, '2025-08-07', 1, '09:22:00', '19:30:00', 'Turnos tarde'),
(76, 12, '2025-08-07', 1, '08:50:00', '19:50:00', 'Capacitación equipo'),
(77, 1, '2025-08-08', 1, '09:10:00', '19:20:00', 'Viernes - agenda llena'),
(78, 2, '2025-08-08', 1, '09:30:00', '19:55:00', 'Llegada programada'),
(79, 3, '2025-08-08', 1, '09:15:00', '19:25:00', 'Jornada completa'),
(80, 4, '2025-08-08', 0, NULL, NULL, 'Vacaciones'),
(81, 5, '2025-08-08', 1, '09:05:00', '18:00:00', 'Salida temprano - viaje'),
(82, 6, '2025-08-08', 1, '09:12:00', '17:30:00', 'Media jornada - personal'),
(83, 7, '2025-08-08', 1, '09:40:00', '19:50:00', 'Turnos tarde'),
(84, 8, '2025-08-08', 1, '09:25:00', '19:35:00', 'Asistencia normal'),
(85, 12, '2025-08-08', 1, '08:45:00', '20:15:00', 'Cierre semanal'),
(86, 1, '2025-08-09', 1, '09:00:00', '16:45:00', 'Sábado - agenda completa'),
(87, 2, '2025-08-09', 1, '09:20:00', '17:00:00', 'Sábado - turnos mañana'),
(88, 3, '2025-08-09', 0, NULL, NULL, 'Fin de semana libre'),
(89, 4, '2025-08-09', 0, NULL, NULL, 'Vacaciones'),
(90, 5, '2025-08-09', 1, '09:15:00', '16:30:00', 'Sábado - media jornada'),
(91, 6, '2025-08-09', 1, '09:05:00', '13:00:00', 'Sábado - medio día'),
(92, 7, '2025-08-09', 1, '09:25:00', '17:00:00', 'Sábado completo'),
(93, 8, '2025-08-09', 0, NULL, NULL, 'Fin de semana libre'),
(94, 12, '2025-08-09', 1, '08:50:00', '17:10:00', 'Supervisión sábado'),
(95, 1, '2025-08-11', 1, '09:03:00', '19:15:00', 'Inicio semana - agenda llena'),
(96, 2, '2025-08-11', 1, '09:20:00', '19:40:00', 'Turnos programados'),
(97, 3, '2025-08-11', 1, '09:12:00', '19:20:00', 'Jornada completa'),
(98, 4, '2025-08-11', 1, '09:25:00', '19:35:00', 'Regreso vacaciones'),
(99, 5, '2025-08-11', 1, '09:08:00', '19:10:00', 'Asistencia normal'),
(100, 6, '2025-08-11', 0, NULL, NULL, 'Enfermedad'),
(101, 7, '2025-08-11', 1, '09:35:00', '19:45:00', 'Asistencia normal'),
(102, 8, '2025-08-11', 1, '09:18:00', '19:25:00', 'Turnos distribuidos'),
(103, 12, '2025-08-11', 1, '08:45:00', '20:05:00', 'Planificación semanal'),
(104, 1, '2025-08-12', 1, '09:05:00', '19:25:00', 'Agenda completa'),
(105, 2, '2025-08-12', 0, NULL, NULL, 'Permiso médico'),
(106, 3, '2025-08-12', 1, '09:15:00', '19:30:00', 'Jornada completa'),
(107, 4, '2025-08-12', 1, '09:28:00', '19:50:00', 'Turnos tarde'),
(108, 5, '2025-08-12', 1, '09:10:00', '19:15:00', 'Asistencia normal'),
(109, 6, '2025-08-12', 0, NULL, NULL, 'Enfermedad'),
(110, 7, '2025-08-12', 1, '09:40:00', '19:55:00', 'Asistencia normal'),
(111, 8, '2025-08-12', 1, '09:22:00', '19:35:00', 'Turnos programados'),
(112, 12, '2025-08-12', 1, '08:50:00', '19:45:00', 'Reunión clientes'),
(113, 1, '2025-08-13', 1, '09:02:00', '19:10:00', 'Asistencia normal'),
(114, 2, '2025-08-13', 1, '09:25:00', '19:40:00', 'Regreso - agenda cargada'),
(115, 3, '2025-08-13', 1, '09:18:00', '18:30:00', 'Salida temprano - médico'),
(116, 4, '2025-08-13', 1, '09:15:00', '19:20:00', 'Jornada completa'),
(117, 5, '2025-08-13', 1, '09:12:00', '19:18:00', 'Asistencia normal'),
(118, 6, '2025-08-13', 1, '09:08:00', '19:12:00', 'Regreso - agenda moderada'),
(119, 7, '2025-08-13', 1, '09:35:00', '19:45:00', 'Asistencia normal'),
(120, 8, '2025-08-13', 1, '09:30:00', '19:40:00', 'Turnos tarde'),
(121, 12, '2025-08-13', 1, '08:55:00', '20:00:00', 'Control stock'),
(122, 1, '2025-08-14', 1, '09:04:00', '19:20:00', 'Asistencia normal'),
(123, 2, '2025-08-14', 1, '09:22:00', '19:45:00', 'Turnos programados'),
(124, 3, '2025-08-14', 1, '09:10:00', '19:25:00', 'Jornada completa'),
(125, 4, '2025-08-14', 1, '09:20:00', '19:35:00', 'Asistencia normal'),
(126, 5, '2025-08-14', 1, '09:07:00', '18:45:00', 'Salida temprano - personal'),
(127, 6, '2025-08-14', 1, '09:05:00', '19:15:00', 'Agenda completa'),
(128, 7, '2025-08-14', 1, '09:38:00', '19:50:00', 'Asistencia normal'),
(129, 8, '2025-08-14', 1, '09:25:00', '19:30:00', 'Turnos distribuidos'),
(130, 12, '2025-08-14', 1, '08:50:00', '19:55:00', 'Coordinación staff'),
(131, 1, '2025-08-15', 1, '09:06:00', '19:30:00', 'Viernes - agenda llena'),
(132, 2, '2025-08-15', 1, '09:28:00', '19:55:00', 'Turnos tarde extendidos'),
(133, 3, '2025-08-15', 1, '09:15:00', '19:20:00', 'Jornada completa'),
(134, 4, '2025-08-15', 1, '09:18:00', '19:40:00', 'Asistencia normal'),
(135, 5, '2025-08-15', 1, '09:10:00', '19:12:00', 'Agenda moderada'),
(136, 6, '2025-08-15', 1, '09:08:00', '17:30:00', 'Media jornada - estudio'),
(137, 7, '2025-08-15', 1, '09:42:00', '19:58:00', 'Último turno extendido'),
(138, 8, '2025-08-15', 1, '09:32:00', '19:45:00', 'Asistencia normal'),
(139, 12, '2025-08-15', 1, '08:45:00', '20:20:00', 'Cierre semanal extendido'),
(140, 1, '2025-08-16', 1, '09:00:00', '16:40:00', 'Sábado - agenda completa'),
(141, 2, '2025-08-16', 1, '09:25:00', '17:00:00', 'Sábado - turnos mañana'),
(142, 3, '2025-08-16', 0, NULL, NULL, 'Fin de semana libre'),
(143, 4, '2025-08-16', 1, '09:10:00', '16:30:00', 'Sábado - media jornada'),
(144, 5, '2025-08-16', 1, '09:15:00', '17:00:00', 'Sábado completo'),
(145, 6, '2025-08-16', 1, '09:05:00', '13:00:00', 'Sábado - medio día'),
(146, 7, '2025-08-16', 1, '09:30:00', '17:00:00', 'Sábado - turnos tarde'),
(147, 8, '2025-08-16', 0, NULL, NULL, 'Fin de semana libre'),
(148, 12, '2025-08-16', 1, '08:55:00', '17:05:00', 'Supervisión sábado'),
(149, 1, '2025-09-01', 1, '09:03:00', '19:35:00', 'Inicio mes - agenda cargada'),
(150, 2, '2025-09-01', 1, '09:20:00', '19:50:00', 'Turnos programados'),
(151, 3, '2025-09-01', 1, '09:12:00', '19:25:00', 'Jornada completa'),
(152, 4, '2025-09-01', 1, '09:25:00', '19:40:00', 'Asistencia normal'),
(153, 5, '2025-09-01', 1, '09:08:00', '19:15:00', 'Agenda moderada'),
(154, 6, '2025-09-01', 1, '09:05:00', '19:10:00', 'Asistencia normal'),
(155, 7, '2025-09-01', 1, '09:35:00', '19:55:00', 'Turnos tarde'),
(156, 8, '2025-09-01', 1, '09:18:00', '19:30:00', 'Asistencia normal'),
(157, 12, '2025-09-01', 1, '08:45:00', '20:10:00', 'Planificación mensual'),
(158, 1, '2025-10-01', 1, '09:02:00', '19:30:00', 'Inicio mes - alta demanda'),
(159, 2, '2025-10-01', 1, '09:22:00', '19:45:00', 'Turnos programados'),
(160, 3, '2025-10-01', 1, '09:15:00', '19:20:00', 'Jornada completa'),
(161, 4, '2025-10-01', 1, '09:28:00', '19:50:00', 'Asistencia normal'),
(162, 5, '2025-10-01', 1, '09:10:00', '19:18:00', 'Agenda completa'),
(163, 6, '2025-10-01', 1, '09:07:00', '19:12:00', 'Asistencia normal'),
(164, 7, '2025-10-01', 1, '09:38:00', '19:58:00', 'Turnos extendidos'),
(165, 8, '2025-10-01', 1, '09:25:00', '19:35:00', 'Asistencia normal'),
(166, 12, '2025-10-01', 1, '08:50:00', '20:15:00', 'Coordinación mensual'),
(167, 1, '2025-11-03', 1, '09:04:00', '19:25:00', 'Inicio semana normal'),
(168, 2, '2025-11-03', 1, '09:18:00', '19:40:00', 'Turnos programados'),
(169, 3, '2025-11-03', 1, '09:12:00', '19:22:00', 'Jornada completa'),
(170, 4, '2025-11-03', 1, '09:22:00', '19:38:00', 'Asistencia normal'),
(171, 5, '2025-11-03', 1, '09:08:00', '19:15:00', 'Agenda moderada'),
(172, 6, '2025-11-03', 1, '09:05:00', '19:10:00', 'Asistencia normal'),
(173, 7, '2025-11-03', 1, '09:35:00', '19:48:00', 'Asistencia normal'),
(174, 8, '2025-11-03', 1, '09:28:00', '19:42:00', 'Turnos tarde'),
(175, 12, '2025-11-03', 1, '08:55:00', '20:05:00', 'Revisión operativa'),
(176, 1, '2025-11-04', 1, '09:03:00', '19:28:00', 'Asistencia normal'),
(177, 2, '2025-11-04', 1, '09:25:00', '19:45:00', 'Turnos programados'),
(178, 3, '2025-11-04', 1, '09:15:00', '18:45:00', 'Salida temprano - capacitación'),
(179, 4, '2025-11-04', 1, '09:20:00', '19:35:00', 'Asistencia normal'),
(180, 5, '2025-11-04', 1, '09:10:00', '19:20:00', 'Jornada completa'),
(181, 6, '2025-11-04', 1, '09:07:00', '19:12:00', 'Asistencia normal'),
(182, 7, '2025-11-04', 1, '09:40:00', '19:52:00', 'Asistencia normal'),
(183, 8, '2025-11-04', 1, '09:30:00', '19:40:00', 'Turnos distribuidos'),
(184, 12, '2025-11-04', 1, '08:50:00', '19:55:00', 'Control calidad'),
(185, 1, '2025-11-05', 1, '09:05:00', '19:30:00', 'Asistencia normal'),
(186, 2, '2025-11-05', 1, '09:22:00', '19:42:00', 'Turnos programados'),
(187, 3, '2025-11-05', 1, '09:18:00', '19:25:00', 'Jornada completa'),
(188, 4, '2025-11-05', 1, '09:25:00', '19:38:00', 'Asistencia normal'),
(189, 5, '2025-11-05', 1, '09:12:00', '19:18:00', 'Agenda completa'),
(190, 6, '2025-11-05', 1, '09:08:00', '17:30:00', 'Media jornada - personal'),
(191, 7, '2025-11-05', 1, '09:35:00', '19:50:00', 'Turnos tarde'),
(192, 8, '2025-11-05', 1, '09:28:00', '19:45:00', 'Asistencia normal'),
(193, 12, '2025-11-05', 1, '08:45:00', '20:00:00', 'Cierre operativo');

-- --------------------------------------------------------

--
-- Estructura de tabla para la tabla `estado_turno`
--

CREATE TABLE `estado_turno` (
  `ID` int(11) NOT NULL,
  `nombre` varchar(50) NOT NULL
) ENGINE=InnoDB DEFAULT CHARSET=utf8mb4 COLLATE=utf8mb4_general_ci;

--
-- Volcado de datos para la tabla `estado_turno`
--

INSERT INTO `estado_turno` (`ID`, `nombre`) VALUES
(6, 'Cancelado'),
(1, 'Confirmado'),
(4, 'En Proceso'),
(7, 'Pagado'),
(5, 'Pendiente');

-- --------------------------------------------------------

--
-- Estructura de tabla para la tabla `facturas`
--

CREATE TABLE `facturas` (
  `id` int(11) NOT NULL,
  `grupo_turnos_id` int(11) DEFAULT NULL,
  `punto_venta` int(11) DEFAULT 1,
  `numero_factura` int(11) DEFAULT NULL,
  `cae` varchar(20) DEFAULT NULL,
  `fecha_emision` timestamp NOT NULL DEFAULT current_timestamp(),
  `fecha_vencimiento_cae` date DEFAULT NULL,
  `total` decimal(10,2) NOT NULL,
  `estado` enum('pendiente','emitida','error') DEFAULT 'pendiente',
  `cliente_nombre` varchar(100) DEFAULT NULL,
  `cliente_apellido` varchar(100) DEFAULT NULL,
  `cliente_dni` varchar(20) DEFAULT NULL,
  `cliente_direccion` varchar(200) DEFAULT NULL,
  `cliente_email` varchar(100) DEFAULT NULL,
  `url_factura` varchar(500) DEFAULT NULL,
  `created_at` timestamp NOT NULL DEFAULT current_timestamp()
) ENGINE=InnoDB DEFAULT CHARSET=utf8mb4 COLLATE=utf8mb4_general_ci;

--
-- Volcado de datos para la tabla `facturas`
--

INSERT INTO `facturas` (`id`, `grupo_turnos_id`, `punto_venta`, `numero_factura`, `cae`, `fecha_emision`, `fecha_vencimiento_cae`, `total`, `estado`, `cliente_nombre`, `cliente_apellido`, `cliente_dni`, `cliente_direccion`, `cliente_email`, `url_factura`, `created_at`) VALUES
(1, NULL, 1, 0, NULL, '2025-10-22 19:25:25', NULL, 27700.00, 'emitida', 'Liliana', 'Lula', '40852954', NULL, NULL, NULL, '2025-10-22 19:25:25'),
(2, NULL, 1, 0, NULL, '2025-10-22 19:25:56', NULL, 27700.00, 'emitida', 'Liliana', 'Lula', '40852954', NULL, NULL, NULL, '2025-10-22 19:25:56'),
(3, 1, 1, 0, NULL, '2025-10-22 19:52:30', NULL, 53000.00, 'emitida', 'Florencia', 'Albarracin', '40829057', NULL, NULL, NULL, '2025-10-22 19:52:30'),
(4, 2, 1, 0, NULL, '2025-10-22 19:53:00', NULL, 25000.00, 'emitida', 'Tamara', 'Ruiz', '40829058', NULL, NULL, NULL, '2025-10-22 19:53:00'),
(5, 2, 1, 0, NULL, '2025-10-22 20:04:25', NULL, 25000.00, 'emitida', 'Tamara', 'Ruiz', '40829058', NULL, NULL, NULL, '2025-10-22 20:04:25'),
(6, 2, 1, 0, NULL, '2025-10-22 22:09:47', NULL, 25000.00, 'emitida', 'Tamara', 'Ruiz', '40829058', NULL, NULL, NULL, '2025-10-22 22:09:47'),
(7, 2, 1, 0, NULL, '2025-10-22 22:09:47', NULL, 25000.00, 'emitida', 'Tamara', 'Ruiz', '40829058', NULL, NULL, NULL, '2025-10-22 22:09:47'),
(8, 1, 1, 0, NULL, '2025-10-22 22:24:53', NULL, 53000.00, 'emitida', 'Florencia', 'Albarracin', '40829057', NULL, NULL, NULL, '2025-10-22 22:24:53'),
(9, 2, 1, 0, NULL, '2025-10-22 22:43:46', NULL, 25000.00, 'emitida', 'Tamara', 'Ruiz', '40829058', NULL, NULL, NULL, '2025-10-22 22:43:46'),
(10, 2, 1, 0, NULL, '2025-10-22 22:44:44', NULL, 25000.00, 'emitida', 'Tamara', 'Ruiz', '40829058', NULL, NULL, NULL, '2025-10-22 22:44:44'),
(11, 2, 1, 0, NULL, '2025-10-22 22:44:44', NULL, 25000.00, 'emitida', 'Tamara', 'Ruiz', '40829058', NULL, NULL, NULL, '2025-10-22 22:44:44'),
(12, 2, 1, 0, NULL, '2025-10-22 22:48:15', NULL, 25000.00, 'emitida', 'Tamara', 'Ruiz', '40829058', NULL, NULL, NULL, '2025-10-22 22:48:15'),
(13, 3, 1, 0, NULL, '2025-10-23 00:35:54', NULL, 80700.00, 'emitida', 'Florencia', 'Albarracin', '40829057', NULL, NULL, NULL, '2025-10-23 00:35:54'),
(14, 2, 1, 0, NULL, '2025-10-23 00:38:34', NULL, 25000.00, 'emitida', 'Tamara', 'Ruiz', '40829058', NULL, NULL, NULL, '2025-10-23 00:38:34'),
(15, 3, 1, 0, NULL, '2025-10-23 00:51:52', NULL, 80700.00, 'emitida', 'Florencia', 'Albarracin', '40829057', NULL, NULL, NULL, '2025-10-23 00:51:52'),
(16, 1, 1, 0, NULL, '2025-10-23 16:22:44', NULL, 53000.00, 'emitida', 'Florencia', 'Albarracin', '40829057', NULL, NULL, NULL, '2025-10-23 16:22:44'),
(17, 1, 1, 0, NULL, '2025-10-23 16:36:02', NULL, 53000.00, 'emitida', 'Florencia', 'Albarracin', '40829057', NULL, NULL, NULL, '2025-10-23 16:36:02'),
(18, 7, 1, 0, NULL, '2025-10-23 16:36:56', NULL, 28000.00, 'emitida', 'Rolando', 'Garibay', '40829060', NULL, NULL, NULL, '2025-10-23 16:36:56'),
(19, 7, 1, 0, NULL, '2025-10-23 16:37:18', NULL, 28000.00, 'emitida', 'Rolando', 'Garibay', '40829060', NULL, NULL, NULL, '2025-10-23 16:37:18'),
(20, 7, 1, 0, NULL, '2025-10-23 17:04:01', NULL, 28000.00, 'emitida', 'Rolando', 'Garibay', '40829060', NULL, NULL, NULL, '2025-10-23 17:04:01'),
(21, 1, 1, 0, NULL, '2025-10-23 17:04:55', NULL, 53000.00, 'emitida', 'Florencia', 'Albarracin', '40829057', NULL, NULL, NULL, '2025-10-23 17:04:55'),
(22, 4, 1, 0, NULL, '2025-10-23 17:17:10', NULL, 27700.00, 'emitida', 'Tamara', 'Ruiz', '40829058', NULL, NULL, NULL, '2025-10-23 17:17:10'),
(23, 4, 1, 0, NULL, '2025-10-23 17:17:51', NULL, 27700.00, 'emitida', 'Tamara', 'Ruiz', '40829058', NULL, NULL, NULL, '2025-10-23 17:17:51'),
(24, 5, 1, 0, NULL, '2025-10-23 17:53:01', NULL, 28000.00, 'emitida', 'Lourdes', 'Rulo', '40829059', NULL, NULL, NULL, '2025-10-23 17:53:01'),
(25, 5, 1, 0, NULL, '2025-10-23 17:53:37', NULL, 28000.00, 'emitida', 'Lourdes', 'Rulo', '40829059', NULL, NULL, NULL, '2025-10-23 17:53:37'),
(26, 1, 1, 0, NULL, '2025-10-23 18:23:13', NULL, 53000.00, 'emitida', 'Florencia', 'Albarracin', '40829057', NULL, NULL, NULL, '2025-10-23 18:23:13'),
(27, 6, 1, 0, NULL, '2025-10-23 20:48:33', NULL, 28000.00, 'emitida', 'Florencia', 'Albarracin', '40829057', NULL, NULL, NULL, '2025-10-23 20:48:33'),
(28, 13, 1, 0, NULL, '2025-10-23 20:52:36', NULL, 28000.00, 'emitida', 'Florencia', 'Albarracin', '40829057', NULL, NULL, NULL, '2025-10-23 20:52:36'),
(29, 15, 1, 0, NULL, '2025-10-23 20:57:55', NULL, 28000.00, 'emitida', 'Liliana', 'Lula', '40852954', NULL, NULL, NULL, '2025-10-23 20:57:55'),
(30, 19, 1, 0, NULL, '2025-10-23 21:07:52', NULL, 28000.00, 'emitida', 'Rocio', 'Gomez', '40829063', NULL, NULL, NULL, '2025-10-23 21:07:52'),
(31, 1, 1, 31, NULL, '2025-09-03 17:51:00', NULL, 502800.00, 'emitida', 'Andrea', 'Silva', '21521586', NULL, NULL, NULL, '2025-11-03 22:15:16'),
(32, 1, 1, 32, NULL, '2025-09-03 17:51:00', NULL, 502800.00, 'emitida', 'Milagros', 'Ramírez', '31241104', NULL, NULL, NULL, '2025-11-03 22:15:16'),
(33, 1, 1, 33, NULL, '2025-09-03 17:51:00', NULL, 502800.00, 'emitida', 'Camila', 'Silva', '43547809', NULL, NULL, NULL, '2025-11-03 22:15:16'),
(34, 1, 1, 34, NULL, '2025-09-03 17:51:00', NULL, 502800.00, 'emitida', 'Gabriela', 'Cabrera', '27236172', NULL, NULL, NULL, '2025-11-03 22:15:16'),
(35, 1, 1, 35, NULL, '2025-09-03 17:51:00', NULL, 502800.00, 'emitida', 'Rocío', 'Fernández', '20757830', NULL, NULL, NULL, '2025-11-03 22:15:16'),
(36, 1, 1, 36, NULL, '2025-09-03 17:51:00', NULL, 1005600.00, 'emitida', 'Florencia', 'Herrera', '26815827', NULL, NULL, NULL, '2025-11-03 22:15:16'),
(37, 1, 1, 37, NULL, '2025-09-03 17:51:00', NULL, 502800.00, 'emitida', 'Daniela', 'Ortiz', '40740842', NULL, NULL, NULL, '2025-11-03 22:15:16'),
(38, 1, 1, 38, NULL, '2025-09-03 17:51:00', NULL, 1005600.00, 'emitida', 'Florencia', 'Albarracin', '40829057', NULL, NULL, NULL, '2025-11-03 22:15:16'),
(39, 2, 1, 39, NULL, '2025-09-02 00:06:00', NULL, 1077500.00, 'emitida', 'Claudia', 'Gómez', '40524499', NULL, NULL, NULL, '2025-11-03 22:15:16'),
(40, 2, 1, 40, NULL, '2025-09-02 00:06:00', NULL, 1077500.00, 'emitida', 'Ana', 'Díaz', '42648460', NULL, NULL, NULL, '2025-11-03 22:15:16'),
(41, 2, 1, 41, NULL, '2025-09-02 00:06:00', NULL, 1077500.00, 'emitida', 'Andrea', 'Sosa', '43443672', NULL, NULL, NULL, '2025-11-03 22:15:16'),
(42, 2, 1, 42, NULL, '2025-09-02 00:06:00', NULL, 1077500.00, 'emitida', 'Julieta', 'Silva', '26200228', NULL, NULL, NULL, '2025-11-03 22:15:16'),
(43, 2, 1, 43, NULL, '2025-09-02 00:06:00', NULL, 1077500.00, 'emitida', 'Viviana', 'Ortiz', '39191807', NULL, NULL, NULL, '2025-11-03 22:15:16'),
(44, 2, 1, 44, NULL, '2025-09-02 00:06:00', NULL, 1077500.00, 'emitida', 'Lucía', 'Ramírez', '26951047', NULL, NULL, NULL, '2025-11-03 22:15:16'),
(45, 2, 1, 45, NULL, '2025-09-02 00:06:00', NULL, 1077500.00, 'emitida', 'Tamara', 'Cabrera', '26273331', NULL, NULL, NULL, '2025-11-03 22:15:16'),
(46, 2, 1, 46, NULL, '2025-09-02 00:06:00', NULL, 1077500.00, 'emitida', 'Camila', 'Pérez', '21933538', NULL, NULL, NULL, '2025-11-03 22:15:16'),
(47, 2, 1, 47, NULL, '2025-09-02 00:06:00', NULL, 1077500.00, 'emitida', 'Carla', 'Torres', '31795959', NULL, NULL, NULL, '2025-11-03 22:15:16'),
(48, 2, 1, 48, NULL, '2025-09-02 00:06:00', NULL, 1077500.00, 'emitida', 'Mariana', 'Martínez', '38750122', NULL, NULL, NULL, '2025-11-03 22:15:16'),
(49, 2, 1, 49, NULL, '2025-09-02 00:06:00', NULL, 2155000.00, 'emitida', 'Carla', 'Cortes', '27093979', NULL, NULL, NULL, '2025-11-03 22:15:16'),
(50, 2, 1, 50, NULL, '2025-09-02 00:06:00', NULL, 2155000.00, 'emitida', 'Sofía', 'Martínez', '29779377', NULL, NULL, NULL, '2025-11-03 22:15:16'),
(51, 2, 1, 51, NULL, '2025-09-02 00:06:00', NULL, 2155000.00, 'emitida', 'Tamara', 'Ruiz', '40829058', NULL, NULL, NULL, '2025-11-03 22:15:16'),
(52, 3, 1, 52, NULL, '2025-09-02 14:02:00', NULL, 1616700.00, 'emitida', 'Ana', 'Peralta', '39021542', NULL, NULL, NULL, '2025-11-03 22:15:16'),
(53, 3, 1, 53, NULL, '2025-09-02 14:02:00', NULL, 538900.00, 'emitida', 'Rocío', 'Silva', '34425507', NULL, NULL, NULL, '2025-11-03 22:15:16'),
(54, 3, 1, 54, NULL, '2025-09-02 14:02:00', NULL, 538900.00, 'emitida', 'Marisol', 'Díaz', '29846298', NULL, NULL, NULL, '2025-11-03 22:15:16'),
(55, 3, 1, 55, NULL, '2025-09-02 14:02:00', NULL, 538900.00, 'emitida', 'Vanesa', 'Ibarra', '35267547', NULL, NULL, NULL, '2025-11-03 22:15:16'),
(56, 3, 1, 56, NULL, '2025-09-02 14:02:00', NULL, 538900.00, 'emitida', 'Carolina', 'Vega', '41933974', NULL, NULL, NULL, '2025-11-03 22:15:16'),
(57, 3, 1, 57, NULL, '2025-09-02 14:02:00', NULL, 538900.00, 'emitida', 'Martina', 'Ríos', '32740422', NULL, NULL, NULL, '2025-11-03 22:15:16'),
(58, 3, 1, 58, NULL, '2025-09-02 14:02:00', NULL, 538900.00, 'emitida', 'Milagros', 'Herrera', '41514398', NULL, NULL, NULL, '2025-11-03 22:15:16'),
(59, 3, 1, 59, NULL, '2025-09-02 14:02:00', NULL, 1616700.00, 'emitida', 'Florencia', 'Albarracin', '40829057', NULL, NULL, NULL, '2025-11-03 22:15:16'),
(60, 4, 1, 60, NULL, '2025-09-03 20:13:00', NULL, 236800.00, 'emitida', 'Julieta', 'López', '33323497', NULL, NULL, NULL, '2025-11-03 22:15:16'),
(61, 4, 1, 61, NULL, '2025-09-03 20:13:00', NULL, 236800.00, 'emitida', 'Claudia', 'Ortiz', '22771982', NULL, NULL, NULL, '2025-11-03 22:15:16'),
(62, 4, 1, 62, NULL, '2025-09-03 20:13:00', NULL, 236800.00, 'emitida', 'Belén', 'Mendoza', '24698061', NULL, NULL, NULL, '2025-11-03 22:15:16'),
(63, 4, 1, 63, NULL, '2025-09-03 20:13:00', NULL, 236800.00, 'emitida', 'Agustina', 'Suárez', '27362568', NULL, NULL, NULL, '2025-11-03 22:15:16'),
(64, 4, 1, 64, NULL, '2025-09-03 20:13:00', NULL, 236800.00, 'emitida', 'Agustina', 'Romero', '44668781', NULL, NULL, NULL, '2025-11-03 22:15:16'),
(65, 4, 1, 65, NULL, '2025-09-03 20:13:00', NULL, 236800.00, 'emitida', 'Viviana', 'Ibarra', '37632087', NULL, NULL, NULL, '2025-11-03 22:15:16'),
(66, 4, 1, 66, NULL, '2025-09-03 20:13:00', NULL, 236800.00, 'emitida', 'Valentina', 'Torres', '42232614', NULL, NULL, NULL, '2025-11-03 22:15:16'),
(67, 4, 1, 67, NULL, '2025-09-03 20:13:00', NULL, 236800.00, 'emitida', 'Ana', 'Domínguez', '40666589', NULL, NULL, NULL, '2025-11-03 22:15:16'),
(68, 4, 1, 68, NULL, '2025-09-03 20:13:00', NULL, 236800.00, 'emitida', 'Tamara', 'Ruiz', '40829058', NULL, NULL, NULL, '2025-11-03 22:15:16'),
(69, 5, 1, 69, NULL, '2025-09-09 16:30:00', NULL, 205000.00, 'emitida', 'Gabriela', 'Ramírez', '40674603', NULL, NULL, NULL, '2025-11-03 22:15:16'),
(70, 5, 1, 70, NULL, '2025-09-09 16:30:00', NULL, 205000.00, 'emitida', 'Viviana', 'Alvarez', '37025939', NULL, NULL, NULL, '2025-11-03 22:15:16'),
(71, 5, 1, 71, NULL, '2025-09-09 16:30:00', NULL, 205000.00, 'emitida', 'Valentina', 'Pérez', '24707570', NULL, NULL, NULL, '2025-11-03 22:15:16'),
(72, 5, 1, 72, NULL, '2025-09-09 16:30:00', NULL, 205000.00, 'emitida', 'Mariana', 'Alvarez', '40796394', NULL, NULL, NULL, '2025-11-03 22:15:16'),
(73, 5, 1, 73, NULL, '2025-09-09 16:30:00', NULL, 205000.00, 'emitida', 'Andrea', 'Acosta', '32639260', NULL, NULL, NULL, '2025-11-03 22:15:16'),
(74, 5, 1, 74, NULL, '2025-09-09 16:30:00', NULL, 205000.00, 'emitida', 'Sofía', 'Ramírez', '30962874', NULL, NULL, NULL, '2025-11-03 22:15:16'),
(75, 5, 1, 75, NULL, '2025-09-09 16:30:00', NULL, 205000.00, 'emitida', 'Lourdes', 'Rulo', '40829059', NULL, NULL, NULL, '2025-11-03 22:15:16'),
(76, 6, 1, 76, NULL, '2025-09-05 23:34:00', NULL, 129200.00, 'emitida', 'Agustina', 'Ortiz', '34896130', NULL, NULL, NULL, '2025-11-03 22:15:16'),
(77, 6, 1, 77, NULL, '2025-09-05 23:34:00', NULL, 129200.00, 'emitida', 'Camila', 'Herrera', '44586138', NULL, NULL, NULL, '2025-11-03 22:15:16'),
(78, 6, 1, 78, NULL, '2025-09-05 23:34:00', NULL, 129200.00, 'emitida', 'Marisol', 'Medina', '42002693', NULL, NULL, NULL, '2025-11-03 22:15:16'),
(79, 6, 1, 79, NULL, '2025-09-05 23:34:00', NULL, 129200.00, 'emitida', 'Andrea', 'Romero', '29684164', NULL, NULL, NULL, '2025-11-03 22:15:16'),
(80, 6, 1, 80, NULL, '2025-09-05 23:34:00', NULL, 129200.00, 'emitida', 'Viviana', 'López', '32657069', NULL, NULL, NULL, '2025-11-03 22:15:16'),
(81, 6, 1, 81, NULL, '2025-09-05 23:34:00', NULL, 129200.00, 'emitida', 'Florencia', 'Albarracin', '40829057', NULL, NULL, NULL, '2025-11-03 22:15:16'),
(82, 7, 1, 82, NULL, '2025-09-03 01:26:00', NULL, 202200.00, 'emitida', 'Ana', 'Martínez', '40023239', NULL, NULL, NULL, '2025-11-03 22:15:16'),
(83, 7, 1, 83, NULL, '2025-09-03 01:26:00', NULL, 202200.00, 'emitida', 'Brenda', 'Gómez', '37540513', NULL, NULL, NULL, '2025-11-03 22:15:16'),
(84, 7, 1, 84, NULL, '2025-09-03 01:26:00', NULL, 404400.00, 'emitida', 'Daniela', 'Benítez', '32006085', NULL, NULL, NULL, '2025-11-03 22:15:16'),
(85, 7, 1, 85, NULL, '2025-09-03 01:26:00', NULL, 202200.00, 'emitida', 'Micaela', 'Pérez', '26254107', NULL, NULL, NULL, '2025-11-03 22:15:16'),
(86, 7, 1, 86, NULL, '2025-09-03 01:26:00', NULL, 202200.00, 'emitida', 'Rolando', 'Garibay', '40829060', NULL, NULL, NULL, '2025-11-03 22:15:16'),
(87, 8, 1, 87, NULL, '2025-09-02 14:17:00', NULL, 165400.00, 'emitida', 'Andrea', 'Torres', '24760523', NULL, NULL, NULL, '2025-11-03 22:15:16'),
(88, 8, 1, 88, NULL, '2025-09-02 14:17:00', NULL, 165400.00, 'emitida', 'Micaela', 'Rojas', '29989454', NULL, NULL, NULL, '2025-11-03 22:15:16'),
(89, 8, 1, 89, NULL, '2025-09-02 14:17:00', NULL, 165400.00, 'emitida', 'Marisol', 'Alvarez', '43669686', NULL, NULL, NULL, '2025-11-03 22:15:16'),
(90, 8, 1, 90, NULL, '2025-09-02 14:17:00', NULL, 165400.00, 'emitida', 'Belén', 'Sosa', '41538834', NULL, NULL, NULL, '2025-11-03 22:15:16'),
(91, 8, 1, 91, NULL, '2025-09-02 14:17:00', NULL, 165400.00, 'emitida', 'Rocío', 'Sosa', '28140076', NULL, NULL, NULL, '2025-11-03 22:15:16'),
(92, 8, 1, 92, NULL, '2025-09-02 14:17:00', NULL, 165400.00, 'emitida', 'Camila', 'Vega', '36419761', NULL, NULL, NULL, '2025-11-03 22:15:16'),
(93, 8, 1, 93, NULL, '2025-09-02 14:17:00', NULL, 165400.00, 'emitida', 'Milagros', 'Fernández', '35166785', NULL, NULL, NULL, '2025-11-03 22:15:16'),
(94, 8, 1, 94, NULL, '2025-09-02 14:17:00', NULL, 165400.00, 'emitida', 'Rolando', 'Garibay', '40829060', NULL, NULL, NULL, '2025-11-03 22:15:16'),
(95, 9, 1, 95, NULL, '2025-09-01 13:52:00', NULL, 455000.00, 'emitida', 'Julieta', 'Romero', '41882351', NULL, NULL, NULL, '2025-11-03 22:15:16'),
(96, 9, 1, 96, NULL, '2025-09-01 13:52:00', NULL, 455000.00, 'emitida', 'Agustina', 'Mendoza', '40213155', NULL, NULL, NULL, '2025-11-03 22:15:16'),
(97, 9, 1, 97, NULL, '2025-09-01 13:52:00', NULL, 455000.00, 'emitida', 'Gabriela', 'Márquez', '29333385', NULL, NULL, NULL, '2025-11-03 22:15:16'),
(98, 9, 1, 98, NULL, '2025-09-01 13:52:00', NULL, 455000.00, 'emitida', 'Agustina', 'Ruiz', '31687970', NULL, NULL, NULL, '2025-11-03 22:15:16'),
(99, 9, 1, 99, NULL, '2025-09-01 13:52:00', NULL, 455000.00, 'emitida', 'Andrea', 'Alvarez', '30012381', NULL, NULL, NULL, '2025-11-03 22:15:16'),
(100, 9, 1, 100, NULL, '2025-09-01 13:52:00', NULL, 455000.00, 'emitida', 'Brenda', 'Sosa', '22089290', NULL, NULL, NULL, '2025-11-03 22:15:16'),
(101, 9, 1, 101, NULL, '2025-09-01 13:52:00', NULL, 455000.00, 'emitida', 'Claudia', 'Rojas', '44558743', NULL, NULL, NULL, '2025-11-03 22:15:16'),
(102, 9, 1, 102, NULL, '2025-09-01 13:52:00', NULL, 455000.00, 'emitida', 'Florencia', 'Albarracin', '40829057', NULL, NULL, NULL, '2025-11-03 22:15:16'),
(103, 10, 1, 103, NULL, '2025-09-06 00:58:00', NULL, 105000.00, 'emitida', 'Agustina', 'Herrera', '29632706', NULL, NULL, NULL, '2025-11-03 22:15:16'),
(104, 10, 1, 104, NULL, '2025-09-06 00:58:00', NULL, 105000.00, 'emitida', 'Brenda', 'Ríos', '43212525', NULL, NULL, NULL, '2025-11-03 22:15:16'),
(105, 10, 1, 105, NULL, '2025-09-06 00:58:00', NULL, 105000.00, 'emitida', 'Gabriela', 'Pérez', '35137343', NULL, NULL, NULL, '2025-11-03 22:15:16'),
(106, 10, 1, 106, NULL, '2025-09-06 00:58:00', NULL, 210000.00, 'emitida', 'Ana', 'Acosta', '26531548', NULL, NULL, NULL, '2025-11-03 22:15:16'),
(107, 10, 1, 107, NULL, '2025-09-06 00:58:00', NULL, 105000.00, 'emitida', 'María', 'Rojas', '30525773', NULL, NULL, NULL, '2025-11-03 22:15:16'),
(108, 10, 1, 108, NULL, '2025-09-06 00:58:00', NULL, 210000.00, 'emitida', 'Tamara', 'Ruiz', '40829058', NULL, NULL, NULL, '2025-11-03 22:15:16'),
(109, 11, 1, 109, NULL, '2025-09-08 18:46:00', NULL, 323600.00, 'emitida', 'Valentina', 'Mendoza', '27735573', NULL, NULL, NULL, '2025-11-03 22:15:16'),
(110, 11, 1, 110, NULL, '2025-09-08 18:46:00', NULL, 323600.00, 'emitida', 'Gabriela', 'Gutiérrez', '42908629', NULL, NULL, NULL, '2025-11-03 22:15:16'),
(111, 11, 1, 111, NULL, '2025-09-08 18:46:00', NULL, 323600.00, 'emitida', 'Vanesa', 'Acosta', '37335133', NULL, NULL, NULL, '2025-11-03 22:15:16'),
(112, 11, 1, 112, NULL, '2025-09-08 18:46:00', NULL, 323600.00, 'emitida', 'Florencia', 'Ortiz', '34145368', NULL, NULL, NULL, '2025-11-03 22:15:16'),
(113, 11, 1, 113, NULL, '2025-09-08 18:46:00', NULL, 323600.00, 'emitida', 'Tamara', 'Mendoza', '40913115', NULL, NULL, NULL, '2025-11-03 22:15:16'),
(114, 11, 1, 114, NULL, '2025-09-08 18:46:00', NULL, 323600.00, 'emitida', 'Giselle', 'Ríos', '22481858', NULL, NULL, NULL, '2025-11-03 22:15:16'),
(115, 11, 1, 115, NULL, '2025-09-08 18:46:00', NULL, 323600.00, 'emitida', 'Liliana', 'Lula', '40852954', NULL, NULL, NULL, '2025-11-03 22:15:16'),
(116, 12, 1, 116, NULL, '2025-09-05 20:43:00', NULL, 193400.00, 'emitida', 'Gabriela', 'Peralta', '34755991', NULL, NULL, NULL, '2025-11-03 22:15:16'),
(117, 12, 1, 117, NULL, '2025-09-05 20:43:00', NULL, 193400.00, 'emitida', 'Claudia', 'Suárez', '24659934', NULL, NULL, NULL, '2025-11-03 22:15:16'),
(118, 12, 1, 118, NULL, '2025-09-05 20:43:00', NULL, 386800.00, 'emitida', 'Giselle', 'Herrera', '29534390', NULL, NULL, NULL, '2025-11-03 22:15:16'),
(119, 12, 1, 119, NULL, '2025-09-05 20:43:00', NULL, 386800.00, 'emitida', 'Agustina', 'Alvarez', '37036849', NULL, NULL, NULL, '2025-11-03 22:15:16'),
(120, 12, 1, 120, NULL, '2025-09-05 20:43:00', NULL, 193400.00, 'emitida', 'Viviana', 'Ríos', '43463912', NULL, NULL, NULL, '2025-11-03 22:15:16'),
(121, 12, 1, 121, NULL, '2025-09-05 20:43:00', NULL, 193400.00, 'emitida', 'Milagros', 'Gutiérrez', '31674413', NULL, NULL, NULL, '2025-11-03 22:15:16'),
(122, 12, 1, 122, NULL, '2025-09-05 20:43:00', NULL, 193400.00, 'emitida', 'Rolando', 'Garibay', '40829060', NULL, NULL, NULL, '2025-11-03 22:15:16'),
(123, 13, 1, 123, NULL, '2025-09-02 23:56:00', NULL, 211000.00, 'emitida', 'Carolina', 'Romero', '43168532', NULL, NULL, NULL, '2025-11-03 22:15:16'),
(124, 13, 1, 124, NULL, '2025-09-02 23:56:00', NULL, 211000.00, 'emitida', 'Belén', 'Romero', '38846608', NULL, NULL, NULL, '2025-11-03 22:15:16'),
(125, 13, 1, 125, NULL, '2025-09-02 23:56:00', NULL, 211000.00, 'emitida', 'Camila', 'Márquez', '27352735', NULL, NULL, NULL, '2025-11-03 22:15:16'),
(126, 13, 1, 126, NULL, '2025-09-02 23:56:00', NULL, 211000.00, 'emitida', 'Milagros', 'Medina', '28318777', NULL, NULL, NULL, '2025-11-03 22:15:16'),
(127, 13, 1, 127, NULL, '2025-09-02 23:56:00', NULL, 211000.00, 'emitida', 'Lucía', 'Peralta', '36872858', NULL, NULL, NULL, '2025-11-03 22:15:16'),
(128, 13, 1, 128, NULL, '2025-09-02 23:56:00', NULL, 211000.00, 'emitida', 'Gabriela', 'Medina', '32522458', NULL, NULL, NULL, '2025-11-03 22:15:16'),
(129, 13, 1, 129, NULL, '2025-09-02 23:56:00', NULL, 211000.00, 'emitida', 'Tamara', 'Romero', '41426157', NULL, NULL, NULL, '2025-11-03 22:15:16'),
(130, 13, 1, 130, NULL, '2025-09-02 23:56:00', NULL, 211000.00, 'emitida', 'Ana', 'Medina', '35116756', NULL, NULL, NULL, '2025-11-03 22:15:16'),
(131, 13, 1, 131, NULL, '2025-09-02 23:56:00', NULL, 211000.00, 'emitida', 'Florencia', 'Albarracin', '40829057', NULL, NULL, NULL, '2025-11-03 22:15:16'),
(132, 14, 1, 132, NULL, '2025-09-05 00:47:00', NULL, 416700.00, 'emitida', 'Valentina', 'Peralta', '27635083', NULL, NULL, NULL, '2025-11-03 22:15:16'),
(133, 14, 1, 133, NULL, '2025-09-05 00:47:00', NULL, 833400.00, 'emitida', 'Camila', 'Díaz', '27789460', NULL, NULL, NULL, '2025-11-03 22:15:16'),
(134, 14, 1, 134, NULL, '2025-09-05 00:47:00', NULL, 416700.00, 'emitida', 'Lucía', 'Ríos', '30808279', NULL, NULL, NULL, '2025-11-03 22:15:16'),
(135, 14, 1, 135, NULL, '2025-09-05 00:47:00', NULL, 416700.00, 'emitida', 'Sofía', 'Martínez', '40973466', NULL, NULL, NULL, '2025-11-03 22:15:16'),
(136, 14, 1, 136, NULL, '2025-09-05 00:47:00', NULL, 416700.00, 'emitida', 'Tamara', 'Romero', '31068442', NULL, NULL, NULL, '2025-11-03 22:15:16'),
(137, 14, 1, 137, NULL, '2025-09-05 00:47:00', NULL, 833400.00, 'emitida', 'Andrea', 'Gutiérrez', '40833650', NULL, NULL, NULL, '2025-11-03 22:15:16'),
(138, 14, 1, 138, NULL, '2025-09-05 00:47:00', NULL, 416700.00, 'emitida', 'Giselle', 'Mendoza', '30196351', NULL, NULL, NULL, '2025-11-03 22:15:16'),
(139, 14, 1, 139, NULL, '2025-09-05 00:47:00', NULL, 416700.00, 'emitida', 'Carolina', 'Sosa', '33370299', NULL, NULL, NULL, '2025-11-03 22:15:16'),
(140, 14, 1, 140, NULL, '2025-09-05 00:47:00', NULL, 416700.00, 'emitida', 'Marisol', 'Márquez', '20306736', NULL, NULL, NULL, '2025-11-03 22:15:16'),
(141, 14, 1, 141, NULL, '2025-09-05 00:47:00', NULL, 833400.00, 'emitida', 'Rolando', 'Garibay', '40829060', NULL, NULL, NULL, '2025-11-03 22:15:16'),
(142, 15, 1, 142, NULL, '2025-09-04 23:37:00', NULL, 252000.00, 'emitida', 'Julieta', 'Acosta', '25281799', NULL, NULL, NULL, '2025-11-03 22:15:16'),
(143, 15, 1, 143, NULL, '2025-09-04 23:37:00', NULL, 252000.00, 'emitida', 'Giselle', 'Ibarra', '21333508', NULL, NULL, NULL, '2025-11-03 22:15:16'),
(144, 15, 1, 144, NULL, '2025-09-04 23:37:00', NULL, 504000.00, 'emitida', 'Giselle', 'Alvarez', '30042066', NULL, NULL, NULL, '2025-11-03 22:15:16'),
(145, 15, 1, 145, NULL, '2025-09-04 23:37:00', NULL, 252000.00, 'emitida', 'Julieta', 'Pérez', '24802233', NULL, NULL, NULL, '2025-11-03 22:15:16'),
(146, 15, 1, 146, NULL, '2025-09-04 23:37:00', NULL, 252000.00, 'emitida', 'Claudia', 'Díaz', '38703434', NULL, NULL, NULL, '2025-11-03 22:15:16'),
(147, 15, 1, 147, NULL, '2025-09-04 23:37:00', NULL, 252000.00, 'emitida', 'Noelia', 'Torres', '43394432', NULL, NULL, NULL, '2025-11-03 22:15:16'),
(148, 15, 1, 148, NULL, '2025-09-04 23:37:00', NULL, 252000.00, 'emitida', 'Noelia', 'Mendoza', '43781361', NULL, NULL, NULL, '2025-11-03 22:15:16'),
(149, 15, 1, 149, NULL, '2025-09-04 23:37:00', NULL, 252000.00, 'emitida', 'Carla', 'Domínguez', '38846966', NULL, NULL, NULL, '2025-11-03 22:15:16'),
(150, 15, 1, 150, NULL, '2025-09-04 23:37:00', NULL, 252000.00, 'emitida', 'Florencia', 'Márquez', '28153634', NULL, NULL, NULL, '2025-11-03 22:15:16'),
(151, 15, 1, 151, NULL, '2025-09-04 23:37:00', NULL, 252000.00, 'emitida', 'Liliana', 'Lula', '40852954', NULL, NULL, NULL, '2025-11-03 22:15:16'),
(152, 16, 1, 152, NULL, '2025-09-05 15:45:00', NULL, 44600.00, 'emitida', 'Noelia', 'Mendoza', '25832214', NULL, NULL, NULL, '2025-11-03 22:15:16'),
(153, 16, 1, 153, NULL, '2025-09-05 15:45:00', NULL, 44600.00, 'emitida', 'Belén', 'Benítez', '30727672', NULL, NULL, NULL, '2025-11-03 22:15:16'),
(154, 16, 1, 154, NULL, '2025-09-05 15:45:00', NULL, 44600.00, 'emitida', 'Giselle', 'Díaz', '30015969', NULL, NULL, NULL, '2025-11-03 22:15:16'),
(155, 16, 1, 155, NULL, '2025-09-05 15:45:00', NULL, 44600.00, 'emitida', 'Lourdes', 'Rulo', '40829059', NULL, NULL, NULL, '2025-11-03 22:15:16'),
(156, 17, 1, 156, NULL, '2025-09-02 00:32:00', NULL, 133800.00, 'emitida', 'Ana', 'Torres', '37800903', NULL, NULL, NULL, '2025-11-03 22:15:16'),
(157, 17, 1, 157, NULL, '2025-09-02 00:32:00', NULL, 133800.00, 'emitida', 'María', 'Medina', '27983659', NULL, NULL, NULL, '2025-11-03 22:15:16'),
(158, 17, 1, 158, NULL, '2025-09-02 00:32:00', NULL, 133800.00, 'emitida', 'Carolina', 'Ortiz', '28573811', NULL, NULL, NULL, '2025-11-03 22:15:16'),
(159, 17, 1, 159, NULL, '2025-09-02 00:32:00', NULL, 133800.00, 'emitida', 'Maria', 'Romero', '40829061', NULL, NULL, NULL, '2025-11-03 22:15:16'),
(160, 18, 1, 160, NULL, '2025-09-09 23:26:00', NULL, 232200.00, 'emitida', 'Valentina', 'Rojas', '39392235', NULL, NULL, NULL, '2025-11-03 22:15:16'),
(161, 18, 1, 161, NULL, '2025-09-09 23:26:00', NULL, 232200.00, 'emitida', 'Paula', 'Silva', '26510102', NULL, NULL, NULL, '2025-11-03 22:15:16'),
(162, 18, 1, 162, NULL, '2025-09-09 23:26:00', NULL, 232200.00, 'emitida', 'Carla', 'Márquez', '42752886', NULL, NULL, NULL, '2025-11-03 22:15:16'),
(163, 18, 1, 163, NULL, '2025-09-09 23:26:00', NULL, 232200.00, 'emitida', 'Maria Pia', 'Curtis', '40829062', NULL, NULL, NULL, '2025-11-03 22:15:16'),
(164, 19, 1, 164, NULL, '2025-09-03 17:09:00', NULL, 499000.00, 'emitida', 'Giselle', 'Rojas', '28907573', NULL, NULL, NULL, '2025-11-03 22:15:16'),
(165, 19, 1, 165, NULL, '2025-09-03 17:09:00', NULL, 499000.00, 'emitida', 'Claudia', 'Ruiz', '24884511', NULL, NULL, NULL, '2025-11-03 22:15:16'),
(166, 19, 1, 166, NULL, '2025-09-03 17:09:00', NULL, 499000.00, 'emitida', 'Paula', 'Vega', '37295699', NULL, NULL, NULL, '2025-11-03 22:15:16'),
(167, 19, 1, 167, NULL, '2025-09-03 17:09:00', NULL, 499000.00, 'emitida', 'Julieta', 'Domínguez', '23007109', NULL, NULL, NULL, '2025-11-03 22:15:16'),
(168, 19, 1, 168, NULL, '2025-09-03 17:09:00', NULL, 499000.00, 'emitida', 'Martina', 'Gutiérrez', '29008076', NULL, NULL, NULL, '2025-11-03 22:15:16'),
(169, 19, 1, 169, NULL, '2025-09-03 17:09:00', NULL, 499000.00, 'emitida', 'Carolina', 'López', '41065902', NULL, NULL, NULL, '2025-11-03 22:15:16'),
(170, 19, 1, 170, NULL, '2025-09-03 17:09:00', NULL, 499000.00, 'emitida', 'Paula', 'Peralta', '35959461', NULL, NULL, NULL, '2025-11-03 22:15:16'),
(171, 19, 1, 171, NULL, '2025-09-03 17:09:00', NULL, 499000.00, 'emitida', 'Rocio', 'Gomez', '40829063', NULL, NULL, NULL, '2025-11-03 22:15:16'),
(172, 20, 1, 172, NULL, '2025-09-05 17:29:00', NULL, 336000.00, 'emitida', 'Agustina', 'Suárez', '25199097', NULL, NULL, NULL, '2025-11-03 22:15:16'),
(173, 20, 1, 173, NULL, '2025-09-05 17:29:00', NULL, 336000.00, 'emitida', 'Carolina', 'Ortiz', '24900601', NULL, NULL, NULL, '2025-11-03 22:15:16'),
(174, 20, 1, 174, NULL, '2025-09-05 17:29:00', NULL, 336000.00, 'emitida', 'Martina', 'Gutiérrez', '41467921', NULL, NULL, NULL, '2025-11-03 22:15:16'),
(175, 20, 1, 175, NULL, '2025-09-05 17:29:00', NULL, 336000.00, 'emitida', 'Belén', 'Alvarez', '23001803', NULL, NULL, NULL, '2025-11-03 22:15:16'),
(176, 20, 1, 176, NULL, '2025-09-05 17:29:00', NULL, 336000.00, 'emitida', 'Milagros', 'Medina', '40257268', NULL, NULL, NULL, '2025-11-03 22:15:16'),
(177, 20, 1, 177, NULL, '2025-09-05 17:29:00', NULL, 336000.00, 'emitida', 'Giselle', 'Ríos', '37764308', NULL, NULL, NULL, '2025-11-03 22:15:16'),
(178, 20, 1, 178, NULL, '2025-09-05 17:29:00', NULL, 336000.00, 'emitida', 'Daniela', 'Cabrera', '31650225', NULL, NULL, NULL, '2025-11-03 22:15:16'),
(179, 20, 1, 179, NULL, '2025-09-05 17:29:00', NULL, 336000.00, 'emitida', 'Noelia', 'Silva', '31147359', NULL, NULL, NULL, '2025-11-03 22:15:16'),
(180, 20, 1, 180, NULL, '2025-09-05 17:29:00', NULL, 336000.00, 'emitida', 'Florencia', 'Díaz', '44169711', NULL, NULL, NULL, '2025-11-03 22:15:16'),
(181, 20, 1, 181, NULL, '2025-09-05 17:29:00', NULL, 336000.00, 'emitida', 'Florencia', 'Albarracin', '40829057', NULL, NULL, NULL, '2025-11-03 22:15:16'),
(286, 1, 1, 286, NULL, '2025-09-03 17:51:00', NULL, 502800.00, 'emitida', 'Andrea', 'Albarracin', '20757830', NULL, NULL, NULL, '2025-11-24 23:34:01'),
(287, 2, 1, 287, NULL, '2025-09-02 00:06:00', NULL, 1077500.00, 'emitida', 'Ana', 'Cabrera', '21933538', NULL, NULL, NULL, '2025-11-24 23:34:01'),
(288, 3, 1, 288, NULL, '2025-09-02 14:02:00', NULL, 538900.00, 'emitida', 'Ana', 'Albarracin', '29846298', NULL, NULL, NULL, '2025-11-24 23:34:01'),
(289, 4, 1, 289, NULL, '2025-09-03 20:13:00', NULL, 236800.00, 'emitida', 'Agustina', 'Domínguez', '22771982', NULL, NULL, NULL, '2025-11-24 23:34:01'),
(290, 5, 1, 290, NULL, '2025-09-09 16:30:00', NULL, 205000.00, 'emitida', 'Andrea', 'Acosta', '24707570', NULL, NULL, NULL, '2025-11-24 23:34:01'),
(291, 6, 1, 291, NULL, '2025-09-05 23:34:00', NULL, 129200.00, 'emitida', 'Agustina', 'Albarracin', '29684164', NULL, NULL, NULL, '2025-11-24 23:34:01'),
(292, 7, 1, 292, NULL, '2025-09-03 01:26:00', NULL, 202200.00, 'emitida', 'Ana', 'Benítez', '26254107', NULL, NULL, NULL, '2025-11-24 23:34:01'),
(293, 8, 1, 293, NULL, '2025-09-02 14:17:00', NULL, 165400.00, 'emitida', 'Andrea', 'Alvarez', '24760523', NULL, NULL, NULL, '2025-11-24 23:34:01'),
(294, 9, 1, 294, NULL, '2025-09-01 13:52:00', NULL, 455000.00, 'emitida', 'Agustina', 'Alvarez', '22089290', NULL, NULL, NULL, '2025-11-24 23:34:01'),
(295, 10, 1, 295, NULL, '2025-09-06 00:58:00', NULL, 105000.00, 'emitida', 'Agustina', 'Acosta', '26531548', NULL, NULL, NULL, '2025-11-24 23:34:01'),
(296, 11, 1, 296, NULL, '2025-09-08 18:46:00', NULL, 323600.00, 'emitida', 'Florencia', 'Acosta', '22481858', NULL, NULL, NULL, '2025-11-24 23:34:01'),
(297, 12, 1, 297, NULL, '2025-09-05 20:43:00', NULL, 193400.00, 'emitida', 'Agustina', 'Alvarez', '24659934', NULL, NULL, NULL, '2025-11-24 23:34:01'),
(298, 13, 1, 298, NULL, '2025-09-02 23:56:00', NULL, 211000.00, 'emitida', 'Ana', 'Albarracin', '27352735', NULL, NULL, NULL, '2025-11-24 23:34:01'),
(299, 14, 1, 299, NULL, '2025-09-05 00:47:00', NULL, 416700.00, 'emitida', 'Andrea', 'Díaz', '20306736', NULL, NULL, NULL, '2025-11-24 23:34:01'),
(300, 15, 1, 300, NULL, '2025-09-04 23:37:00', NULL, 252000.00, 'emitida', 'Carla', 'Acosta', '21333508', NULL, NULL, NULL, '2025-11-24 23:34:01'),
(301, 16, 1, 301, NULL, '2025-09-05 15:45:00', NULL, 44600.00, 'emitida', 'Belén', 'Benítez', '25832214', NULL, NULL, NULL, '2025-11-24 23:34:01'),
(302, 17, 1, 302, NULL, '2025-09-02 00:32:00', NULL, 133800.00, 'emitida', 'Ana', 'Medina', '27983659', NULL, NULL, NULL, '2025-11-24 23:34:01'),
(303, 18, 1, 303, NULL, '2025-09-09 23:26:00', NULL, 232200.00, 'emitida', 'Carla', 'Márquez', '26510102', NULL, NULL, NULL, '2025-11-24 23:34:01'),
(304, 19, 1, 304, NULL, '2025-09-03 17:09:00', NULL, 499000.00, 'emitida', 'Carolina', 'Domínguez', '23007109', NULL, NULL, NULL, '2025-11-24 23:34:01'),
(305, 20, 1, 305, NULL, '2025-09-05 17:29:00', NULL, 336000.00, 'emitida', 'Agustina', 'Alvarez', '23001803', NULL, NULL, NULL, '2025-11-24 23:34:01'),
(317, 36, 1, 317, NULL, '2025-11-03 13:00:00', NULL, 27500.00, 'emitida', 'Ana', 'Ramirez', '39218911', NULL, NULL, NULL, '2025-11-25 00:03:41'),
(318, 37, 1, 318, NULL, '2025-11-04 16:32:00', NULL, 17600.00, 'emitida', 'Antonella', 'Suarez', '43029911', NULL, NULL, NULL, '2025-11-25 00:03:41'),
(319, 38, 1, 319, NULL, '2025-11-06 15:34:00', NULL, 17600.00, 'emitida', 'Antonella', 'Suarez', '43029911', NULL, NULL, NULL, '2025-11-25 00:03:41'),
(320, 39, 1, 320, NULL, '2025-11-08 16:03:00', NULL, 27500.00, 'emitida', 'Antonella', 'Suarez', '43029911', NULL, NULL, NULL, '2025-11-25 00:03:41'),
(321, 40, 1, 321, NULL, '2025-11-13 15:27:00', NULL, 27500.00, 'emitida', 'Antonella', 'Suarez', '43029911', NULL, NULL, NULL, '2025-11-25 00:03:41'),
(322, 41, 1, 322, NULL, '2025-11-16 15:52:00', NULL, 27500.00, 'emitida', 'Antonella', 'Suarez', '43029911', NULL, NULL, NULL, '2025-11-25 00:03:41'),
(323, 42, 1, 323, NULL, '2025-11-17 18:33:00', NULL, 27500.00, 'emitida', 'Antonella', 'Suarez', '43029911', NULL, NULL, NULL, '2025-11-25 00:03:41'),
(324, 43, 1, 324, NULL, '2025-11-19 15:16:00', NULL, 27500.00, 'emitida', 'Antonella', 'Suarez', '43029911', NULL, NULL, NULL, '2025-11-25 00:03:41'),
(325, 44, 1, 325, NULL, '2025-11-22 16:44:00', NULL, 27500.00, 'emitida', 'Antonella', 'Suarez', '43029911', NULL, NULL, NULL, '2025-11-25 00:03:41'),
(326, 45, 1, 326, NULL, '2025-11-02 15:35:00', NULL, 28000.00, 'emitida', 'Camila', 'Peralta', '41022991', NULL, NULL, NULL, '2025-11-25 00:03:41'),
(327, 46, 1, 327, NULL, '2025-11-05 16:33:00', NULL, 25000.00, 'emitida', 'Camila', 'Peralta', '41022991', NULL, NULL, NULL, '2025-11-25 00:03:41'),
(328, 47, 1, 328, NULL, '2025-11-06 15:13:00', NULL, 28000.00, 'emitida', 'Camila', 'Peralta', '41022991', NULL, NULL, NULL, '2025-11-25 00:03:41'),
(329, 48, 1, 329, NULL, '2025-11-08 13:44:00', NULL, 28000.00, 'emitida', 'Camila', 'Peralta', '41022991', NULL, NULL, NULL, '2025-11-25 00:03:41'),
(330, 49, 1, 330, NULL, '2025-11-09 17:13:00', NULL, 25000.00, 'emitida', 'Camila', 'Peralta', '41022991', NULL, NULL, NULL, '2025-11-25 00:03:41'),
(331, 50, 1, 331, NULL, '2025-11-13 14:28:00', NULL, 28000.00, 'emitida', 'Camila', 'Peralta', '41022991', NULL, NULL, NULL, '2025-11-25 00:03:41'),
(332, 51, 1, 332, NULL, '2025-11-14 18:38:00', NULL, 25000.00, 'emitida', 'Camila', 'Peralta', '41022991', NULL, NULL, NULL, '2025-11-25 00:03:41'),
(333, 52, 1, 333, NULL, '2025-11-16 14:21:00', NULL, 28000.00, 'emitida', 'Camila', 'Peralta', '41022991', NULL, NULL, NULL, '2025-11-25 00:03:41'),
(334, 53, 1, 334, NULL, '2025-11-19 13:54:00', NULL, 28000.00, 'emitida', 'Camila', 'Peralta', '41022991', NULL, NULL, NULL, '2025-11-25 00:03:41'),
(335, 54, 1, 335, NULL, '2025-11-20 18:04:00', NULL, 25000.00, 'emitida', 'Camila', 'Peralta', '41022991', NULL, NULL, NULL, '2025-11-25 00:03:41'),
(336, 55, 1, 336, NULL, '2025-11-22 14:42:00', NULL, 28000.00, 'emitida', 'Camila', 'Peralta', '41022991', NULL, NULL, NULL, '2025-11-25 00:03:41'),
(337, 56, 1, 337, NULL, '2025-11-04 13:05:00', NULL, 28000.00, 'emitida', 'Carla', 'Mendez', '41422190', NULL, NULL, NULL, '2025-11-25 00:03:41'),
(338, 57, 1, 338, NULL, '2025-11-03 16:36:00', NULL, 15000.00, 'emitida', 'Clara', 'Diaz', '36877122', NULL, NULL, NULL, '2025-11-25 00:03:41'),
(339, 58, 1, 339, NULL, '2025-11-05 14:35:00', NULL, 27500.00, 'emitida', 'Clara', 'Diaz', '36877122', NULL, NULL, NULL, '2025-11-25 00:03:41'),
(340, 59, 1, 340, NULL, '2025-11-07 16:06:00', NULL, 17600.00, 'emitida', 'Clara', 'Diaz', '36877122', NULL, NULL, NULL, '2025-11-25 00:03:41'),
(341, 60, 1, 341, NULL, '2025-11-09 15:21:00', NULL, 17600.00, 'emitida', 'Clara', 'Diaz', '36877122', NULL, NULL, NULL, '2025-11-25 00:03:41'),
(342, 61, 1, 342, NULL, '2025-11-14 13:38:00', NULL, 17600.00, 'emitida', 'Clara', 'Diaz', '36877122', NULL, NULL, NULL, '2025-11-25 00:03:41'),
(343, 62, 1, 343, NULL, '2025-11-15 16:52:00', NULL, 17600.00, 'emitida', 'Clara', 'Diaz', '36877122', NULL, NULL, NULL, '2025-11-25 00:03:41'),
(344, 63, 1, 344, NULL, '2025-11-17 15:18:00', NULL, 17600.00, 'emitida', 'Clara', 'Diaz', '36877122', NULL, NULL, NULL, '2025-11-25 00:03:41'),
(345, 64, 1, 345, NULL, '2025-11-20 14:07:00', NULL, 17600.00, 'emitida', 'Clara', 'Diaz', '36877122', NULL, NULL, NULL, '2025-11-25 00:03:41'),
(346, 65, 1, 346, NULL, '2025-11-21 15:32:00', NULL, 17600.00, 'emitida', 'Clara', 'Diaz', '36877122', NULL, NULL, NULL, '2025-11-25 00:03:41'),
(347, 66, 1, 347, NULL, '2025-11-06 17:14:00', NULL, 25000.00, 'emitida', 'Claudia', 'Medina', '39981811', NULL, NULL, NULL, '2025-11-25 00:03:41'),
(348, 67, 1, 348, NULL, '2025-11-08 16:41:00', NULL, 25000.00, 'emitida', 'Claudia', 'Medina', '39981811', NULL, NULL, NULL, '2025-11-25 00:03:41'),
(349, 68, 1, 349, NULL, '2025-11-13 19:28:00', NULL, 25000.00, 'emitida', 'Claudia', 'Medina', '39981811', NULL, NULL, NULL, '2025-11-25 00:03:41'),
(350, 69, 1, 350, NULL, '2025-11-16 19:16:00', NULL, 25000.00, 'emitida', 'Claudia', 'Medina', '39981811', NULL, NULL, NULL, '2025-11-25 00:03:41'),
(351, 70, 1, 351, NULL, '2025-11-17 17:05:00', NULL, 25000.00, 'emitida', 'Claudia', 'Medina', '39981811', NULL, NULL, NULL, '2025-11-25 00:03:41'),
(352, 71, 1, 352, NULL, '2025-11-19 19:24:00', NULL, 25000.00, 'emitida', 'Claudia', 'Medina', '39981811', NULL, NULL, NULL, '2025-11-25 00:03:41'),
(353, 72, 1, 353, NULL, '2025-11-22 18:50:00', NULL, 25000.00, 'emitida', 'Claudia', 'Medina', '39981811', NULL, NULL, NULL, '2025-11-25 00:03:41'),
(354, 73, 1, 354, NULL, '2025-11-04 13:07:00', NULL, 27500.00, 'emitida', 'Hernan', 'Vega', '37822190', NULL, NULL, NULL, '2025-11-25 00:03:41'),
(355, 74, 1, 355, NULL, '2025-11-07 17:44:00', NULL, 90000.00, 'emitida', 'Hernan', 'Vega', '37822190', NULL, NULL, NULL, '2025-11-25 00:03:41'),
(356, 75, 1, 356, NULL, '2025-11-09 14:53:00', NULL, 28000.00, 'emitida', 'Hernan', 'Vega', '37822190', NULL, NULL, NULL, '2025-11-25 00:03:41'),
(357, 76, 1, 357, NULL, '2025-11-14 16:21:00', NULL, 28000.00, 'emitida', 'Hernan', 'Vega', '37822190', NULL, NULL, NULL, '2025-11-25 00:03:41'),
(358, 77, 1, 358, NULL, '2025-11-15 16:01:00', NULL, 90000.00, 'emitida', 'Hernan', 'Vega', '37822190', NULL, NULL, NULL, '2025-11-25 00:03:41'),
(359, 78, 1, 359, NULL, '2025-11-17 14:26:00', NULL, 90000.00, 'emitida', 'Hernan', 'Vega', '37822190', NULL, NULL, NULL, '2025-11-25 00:03:41'),
(360, 79, 1, 360, NULL, '2025-11-20 14:40:00', NULL, 28000.00, 'emitida', 'Hernan', 'Vega', '37822190', NULL, NULL, NULL, '2025-11-25 00:03:41'),
(361, 80, 1, 361, NULL, '2025-11-21 16:34:00', NULL, 90000.00, 'emitida', 'Hernan', 'Vega', '37822190', NULL, NULL, NULL, '2025-11-25 00:03:41'),
(362, 81, 1, 362, NULL, '2025-11-04 16:09:00', NULL, 25000.00, 'emitida', 'Jorge', 'Martinez', '39512821', NULL, NULL, NULL, '2025-11-25 00:03:41'),
(363, 82, 1, 363, NULL, '2025-11-05 14:27:00', NULL, 25000.00, 'emitida', 'Jorge', 'Martinez', '39512821', NULL, NULL, NULL, '2025-11-25 00:03:41'),
(364, 83, 1, 364, NULL, '2025-11-07 13:36:00', NULL, 100000.00, 'emitida', 'Jorge', 'Martinez', '39512821', NULL, NULL, NULL, '2025-11-25 00:03:41'),
(365, 84, 1, 365, NULL, '2025-11-08 16:40:00', NULL, 25000.00, 'emitida', 'Jorge', 'Martinez', '39512821', NULL, NULL, NULL, '2025-11-25 00:03:41'),
(366, 85, 1, 366, NULL, '2025-11-09 17:32:00', NULL, 25000.00, 'emitida', 'Jorge', 'Martinez', '39512821', NULL, NULL, NULL, '2025-11-25 00:03:41'),
(367, 86, 1, 367, NULL, '2025-11-13 17:55:00', NULL, 25000.00, 'emitida', 'Jorge', 'Martinez', '39512821', NULL, NULL, NULL, '2025-11-25 00:03:41'),
(368, 87, 1, 368, NULL, '2025-11-14 17:20:00', NULL, 25000.00, 'emitida', 'Jorge', 'Martinez', '39512821', NULL, NULL, NULL, '2025-11-25 00:03:41'),
(369, 88, 1, 369, NULL, '2025-11-15 15:13:00', NULL, 100000.00, 'emitida', 'Jorge', 'Martinez', '39512821', NULL, NULL, NULL, '2025-11-25 00:03:41'),
(370, 89, 1, 370, NULL, '2025-11-16 18:13:00', NULL, 25000.00, 'emitida', 'Jorge', 'Martinez', '39512821', NULL, NULL, NULL, '2025-11-25 00:03:41'),
(371, 90, 1, 371, NULL, '2025-11-17 18:52:00', NULL, 25000.00, 'emitida', 'Jorge', 'Martinez', '39512821', NULL, NULL, NULL, '2025-11-25 00:03:41'),
(372, 91, 1, 372, NULL, '2025-11-19 18:26:00', NULL, 25000.00, 'emitida', 'Jorge', 'Martinez', '39512821', NULL, NULL, NULL, '2025-11-25 00:03:41'),
(373, 92, 1, 373, NULL, '2025-11-20 17:22:00', NULL, 25000.00, 'emitida', 'Jorge', 'Martinez', '39512821', NULL, NULL, NULL, '2025-11-25 00:03:41'),
(374, 93, 1, 374, NULL, '2025-11-21 14:17:00', NULL, 100000.00, 'emitida', 'Jorge', 'Martinez', '39512821', NULL, NULL, NULL, '2025-11-25 00:03:41'),
(375, 94, 1, 375, NULL, '2025-11-22 18:10:00', NULL, 25000.00, 'emitida', 'Jorge', 'Martinez', '39512821', NULL, NULL, NULL, '2025-11-25 00:03:41'),
(376, 95, 1, 376, NULL, '2025-11-02 13:25:00', NULL, 17600.00, 'emitida', 'Laura', 'Benitez', '40211991', NULL, NULL, NULL, '2025-11-25 00:03:41'),
(377, 96, 1, 377, NULL, '2025-11-05 18:36:00', NULL, 17600.00, 'emitida', 'Laura', 'Benitez', '40211991', NULL, NULL, NULL, '2025-11-25 00:03:41'),
(378, 97, 1, 378, NULL, '2025-11-06 14:05:00', NULL, 25000.00, 'emitida', 'Laura', 'Benitez', '40211991', NULL, NULL, NULL, '2025-11-25 00:03:41'),
(379, 98, 1, 379, NULL, '2025-11-08 14:16:00', NULL, 25000.00, 'emitida', 'Laura', 'Benitez', '40211991', NULL, NULL, NULL, '2025-11-25 00:03:41'),
(380, 99, 1, 380, NULL, '2025-11-09 16:33:00', NULL, 17600.00, 'emitida', 'Laura', 'Benitez', '40211991', NULL, NULL, NULL, '2025-11-25 00:03:41'),
(381, 100, 1, 381, NULL, '2025-11-13 13:17:00', NULL, 25000.00, 'emitida', 'Laura', 'Benitez', '40211991', NULL, NULL, NULL, '2025-11-25 00:03:41'),
(382, 101, 1, 382, NULL, '2025-11-14 16:58:00', NULL, 17600.00, 'emitida', 'Laura', 'Benitez', '40211991', NULL, NULL, NULL, '2025-11-25 00:03:41'),
(383, 102, 1, 383, NULL, '2025-11-16 14:34:00', NULL, 25000.00, 'emitida', 'Laura', 'Benitez', '40211991', NULL, NULL, NULL, '2025-11-25 00:03:41'),
(384, 103, 1, 384, NULL, '2025-11-19 14:49:00', NULL, 25000.00, 'emitida', 'Laura', 'Benitez', '40211991', NULL, NULL, NULL, '2025-11-25 00:03:41'),
(385, 104, 1, 385, NULL, '2025-11-20 16:51:00', NULL, 17600.00, 'emitida', 'Laura', 'Benitez', '40211991', NULL, NULL, NULL, '2025-11-25 00:03:41'),
(386, 105, 1, 386, NULL, '2025-11-22 14:16:00', NULL, 25000.00, 'emitida', 'Laura', 'Benitez', '40211991', NULL, NULL, NULL, '2025-11-25 00:03:41'),
(387, 106, 1, 387, NULL, '2025-11-07 17:02:00', NULL, 25000.00, 'emitida', 'Lorena', 'Martin', '36221900', NULL, NULL, NULL, '2025-11-25 00:03:41'),
(388, 107, 1, 388, NULL, '2025-11-15 16:49:00', NULL, 25000.00, 'emitida', 'Lorena', 'Martin', '36221900', NULL, NULL, NULL, '2025-11-25 00:03:41'),
(389, 108, 1, 389, NULL, '2025-11-21 18:28:00', NULL, 25000.00, 'emitida', 'Lorena', 'Martin', '36221900', NULL, NULL, NULL, '2025-11-25 00:03:41'),
(390, 109, 1, 390, NULL, '2025-11-07 14:17:00', NULL, 15000.00, 'emitida', 'Lucas', 'Gimenez', '39122771', NULL, NULL, NULL, '2025-11-25 00:03:41'),
(391, 110, 1, 391, NULL, '2025-11-09 14:45:00', NULL, 15000.00, 'emitida', 'Lucas', 'Gimenez', '39122771', NULL, NULL, NULL, '2025-11-25 00:03:41'),
(392, 111, 1, 392, NULL, '2025-11-14 14:54:00', NULL, 15000.00, 'emitida', 'Lucas', 'Gimenez', '39122771', NULL, NULL, NULL, '2025-11-25 00:03:41'),
(393, 112, 1, 393, NULL, '2025-11-15 16:15:00', NULL, 15000.00, 'emitida', 'Lucas', 'Gimenez', '39122771', NULL, NULL, NULL, '2025-11-25 00:03:41'),
(394, 113, 1, 394, NULL, '2025-11-17 16:02:00', NULL, 15000.00, 'emitida', 'Lucas', 'Gimenez', '39122771', NULL, NULL, NULL, '2025-11-25 00:03:41'),
(395, 114, 1, 395, NULL, '2025-11-20 14:21:00', NULL, 15000.00, 'emitida', 'Lucas', 'Gimenez', '39122771', NULL, NULL, NULL, '2025-11-25 00:03:41'),
(396, 115, 1, 396, NULL, '2025-11-21 16:27:00', NULL, 15000.00, 'emitida', 'Lucas', 'Gimenez', '39122771', NULL, NULL, NULL, '2025-11-25 00:03:41'),
(397, 116, 1, 397, NULL, '2025-11-03 15:23:00', NULL, 25000.00, 'emitida', 'Luciana', 'Barrios', '39511230', NULL, NULL, NULL, '2025-11-25 00:03:41'),
(398, 117, 1, 398, NULL, '2025-11-05 14:07:00', NULL, 25000.00, 'emitida', 'Luciana', 'Barrios', '39511230', NULL, NULL, NULL, '2025-11-25 00:03:41'),
(399, 118, 1, 399, NULL, '2025-11-03 15:03:00', NULL, 28000.00, 'emitida', 'Marcela', 'Paz', '40511290', NULL, NULL, NULL, '2025-11-25 00:03:41'),
(400, 119, 1, 400, NULL, '2025-11-07 13:46:00', NULL, 15000.00, 'emitida', 'Marcela', 'Paz', '40511290', NULL, NULL, NULL, '2025-11-25 00:03:41'),
(401, 120, 1, 401, NULL, '2025-11-09 13:42:00', NULL, 27500.00, 'emitida', 'Marcela', 'Paz', '40511290', NULL, NULL, NULL, '2025-11-25 00:03:41'),
(402, 121, 1, 402, NULL, '2025-11-14 14:13:00', NULL, 27500.00, 'emitida', 'Marcela', 'Paz', '40511290', NULL, NULL, NULL, '2025-11-25 00:03:41'),
(403, 122, 1, 403, NULL, '2025-11-15 14:58:00', NULL, 15000.00, 'emitida', 'Marcela', 'Paz', '40511290', NULL, NULL, NULL, '2025-11-25 00:03:41'),
(404, 123, 1, 404, NULL, '2025-11-17 16:29:00', NULL, 27500.00, 'emitida', 'Marcela', 'Paz', '40511290', NULL, NULL, NULL, '2025-11-25 00:03:41'),
(405, 124, 1, 405, NULL, '2025-11-20 13:02:00', NULL, 27500.00, 'emitida', 'Marcela', 'Paz', '40511290', NULL, NULL, NULL, '2025-11-25 00:03:41'),
(406, 125, 1, 406, NULL, '2025-11-21 12:53:00', NULL, 15000.00, 'emitida', 'Marcela', 'Paz', '40511290', NULL, NULL, NULL, '2025-11-25 00:03:41'),
(407, 126, 1, 407, NULL, '2025-11-02 15:13:00', NULL, 90000.00, 'emitida', 'Marcos', 'Quiroga', '42100721', NULL, NULL, NULL, '2025-11-25 00:03:41'),
(408, 127, 1, 408, NULL, '2025-11-05 17:00:00', NULL, 90000.00, 'emitida', 'Marcos', 'Quiroga', '42100721', NULL, NULL, NULL, '2025-11-25 00:03:41'),
(409, 128, 1, 409, NULL, '2025-11-06 15:19:00', NULL, 90000.00, 'emitida', 'Marcos', 'Quiroga', '42100721', NULL, NULL, NULL, '2025-11-25 00:03:41'),
(410, 129, 1, 410, NULL, '2025-11-08 14:49:00', NULL, 90000.00, 'emitida', 'Marcos', 'Quiroga', '42100721', NULL, NULL, NULL, '2025-11-25 00:03:41'),
(411, 130, 1, 411, NULL, '2025-11-13 14:41:00', NULL, 90000.00, 'emitida', 'Marcos', 'Quiroga', '42100721', NULL, NULL, NULL, '2025-11-25 00:03:41'),
(412, 131, 1, 412, NULL, '2025-11-16 15:41:00', NULL, 90000.00, 'emitida', 'Marcos', 'Quiroga', '42100721', NULL, NULL, NULL, '2025-11-25 00:03:41'),
(413, 132, 1, 413, NULL, '2025-11-19 14:23:00', NULL, 90000.00, 'emitida', 'Marcos', 'Quiroga', '42100721', NULL, NULL, NULL, '2025-11-25 00:03:41'),
(414, 133, 1, 414, NULL, '2025-11-22 15:20:00', NULL, 90000.00, 'emitida', 'Marcos', 'Quiroga', '42100721', NULL, NULL, NULL, '2025-11-25 00:03:41'),
(415, 134, 1, 415, NULL, '2025-11-02 14:27:00', NULL, 27500.00, 'emitida', 'Mauro', 'Pereyra', '39833122', NULL, NULL, NULL, '2025-11-25 00:03:41'),
(416, 135, 1, 416, NULL, '2025-11-06 14:09:00', NULL, 27500.00, 'emitida', 'Mauro', 'Pereyra', '39833122', NULL, NULL, NULL, '2025-11-25 00:03:41'),
(417, 136, 1, 417, NULL, '2025-11-08 13:11:00', NULL, 27500.00, 'emitida', 'Mauro', 'Pereyra', '39833122', NULL, NULL, NULL, '2025-11-25 00:03:41'),
(418, 137, 1, 418, NULL, '2025-11-09 16:15:00', NULL, 27500.00, 'emitida', 'Mauro', 'Pereyra', '39833122', NULL, NULL, NULL, '2025-11-25 00:03:41'),
(419, 138, 1, 419, NULL, '2025-11-13 14:08:00', NULL, 27500.00, 'emitida', 'Mauro', 'Pereyra', '39833122', NULL, NULL, NULL, '2025-11-25 00:03:41'),
(420, 139, 1, 420, NULL, '2025-11-14 16:35:00', NULL, 27500.00, 'emitida', 'Mauro', 'Pereyra', '39833122', NULL, NULL, NULL, '2025-11-25 00:03:41'),
(421, 140, 1, 421, NULL, '2025-11-16 13:45:00', NULL, 27500.00, 'emitida', 'Mauro', 'Pereyra', '39833122', NULL, NULL, NULL, '2025-11-25 00:03:41'),
(422, 141, 1, 422, NULL, '2025-11-19 13:26:00', NULL, 27500.00, 'emitida', 'Mauro', 'Pereyra', '39833122', NULL, NULL, NULL, '2025-11-25 00:03:41'),
(423, 142, 1, 423, NULL, '2025-11-20 16:40:00', NULL, 27500.00, 'emitida', 'Mauro', 'Pereyra', '39833122', NULL, NULL, NULL, '2025-11-25 00:03:41'),
(424, 143, 1, 424, NULL, '2025-11-22 15:07:00', NULL, 27500.00, 'emitida', 'Mauro', 'Pereyra', '39833122', NULL, NULL, NULL, '2025-11-25 00:03:41'),
(425, 144, 1, 425, NULL, '2025-11-02 16:02:00', NULL, 15000.00, 'emitida', 'Micaela', 'Paz', '40811290', NULL, NULL, NULL, '2025-11-25 00:03:41'),
(426, 145, 1, 426, NULL, '2025-11-05 13:39:00', NULL, 15000.00, 'emitida', 'Micaela', 'Paz', '40811290', NULL, NULL, NULL, '2025-11-25 00:03:41'),
(427, 146, 1, 427, NULL, '2025-11-01 14:30:00', NULL, 27500.00, 'emitida', 'Paula', 'Herrera', '39911782', NULL, NULL, NULL, '2025-11-25 00:03:41'),
(428, 147, 1, 428, NULL, '2025-11-07 13:53:00', NULL, 27500.00, 'emitida', 'Paula', 'Herrera', '39911782', NULL, NULL, NULL, '2025-11-25 00:03:41'),
(429, 148, 1, 429, NULL, '2025-11-08 18:16:00', NULL, 15000.00, 'emitida', 'Paula', 'Herrera', '39911782', NULL, NULL, NULL, '2025-11-25 00:03:41'),
(430, 149, 1, 430, NULL, '2025-11-13 16:06:00', NULL, 15000.00, 'emitida', 'Paula', 'Herrera', '39911782', NULL, NULL, NULL, '2025-11-25 00:03:41'),
(431, 150, 1, 431, NULL, '2025-11-15 15:47:00', NULL, 27500.00, 'emitida', 'Paula', 'Herrera', '39911782', NULL, NULL, NULL, '2025-11-25 00:03:41'),
(432, 151, 1, 432, NULL, '2025-11-16 16:13:00', NULL, 15000.00, 'emitida', 'Paula', 'Herrera', '39911782', NULL, NULL, NULL, '2025-11-25 00:03:41'),
(433, 152, 1, 433, NULL, '2025-11-19 17:13:00', NULL, 15000.00, 'emitida', 'Paula', 'Herrera', '39911782', NULL, NULL, NULL, '2025-11-25 00:03:41'),
(434, 153, 1, 434, NULL, '2025-11-21 14:00:00', NULL, 27500.00, 'emitida', 'Paula', 'Herrera', '39911782', NULL, NULL, NULL, '2025-11-25 00:03:41'),
(435, 154, 1, 435, NULL, '2025-11-22 17:05:00', NULL, 15000.00, 'emitida', 'Paula', 'Herrera', '39911782', NULL, NULL, NULL, '2025-11-25 00:03:41'),
(436, 155, 1, 436, NULL, '2025-11-01 15:23:00', NULL, 28000.00, 'emitida', 'Ricardo', 'Altamirano', '40170102', NULL, NULL, NULL, '2025-11-25 00:03:41'),
(437, 156, 1, 437, NULL, '2025-11-05 15:24:00', NULL, 28000.00, 'emitida', 'Ricardo', 'Altamirano', '40170102', NULL, NULL, NULL, '2025-11-25 00:03:41'),
(438, 157, 1, 438, NULL, '2025-11-06 17:20:00', NULL, 28000.00, 'emitida', 'Ricardo', 'Altamirano', '40170102', NULL, NULL, NULL, '2025-11-25 00:03:41'),
(439, 158, 1, 439, NULL, '2025-11-07 19:21:00', NULL, 28000.00, 'emitida', 'Ricardo', 'Altamirano', '40170102', NULL, NULL, NULL, '2025-11-25 00:03:41'),
(440, 159, 1, 440, NULL, '2025-11-08 17:25:00', NULL, 28000.00, 'emitida', 'Ricardo', 'Altamirano', '40170102', NULL, NULL, NULL, '2025-11-25 00:03:41'),
(441, 160, 1, 441, NULL, '2025-11-09 18:02:00', NULL, 28000.00, 'emitida', 'Ricardo', 'Altamirano', '40170102', NULL, NULL, NULL, '2025-11-25 00:03:41'),
(442, 161, 1, 442, NULL, '2025-11-13 17:33:00', NULL, 28000.00, 'emitida', 'Ricardo', 'Altamirano', '40170102', NULL, NULL, NULL, '2025-11-25 00:03:41'),
(443, 162, 1, 443, NULL, '2025-11-14 17:42:00', NULL, 28000.00, 'emitida', 'Ricardo', 'Altamirano', '40170102', NULL, NULL, NULL, '2025-11-25 00:03:41'),
(444, 163, 1, 444, NULL, '2025-11-15 18:39:00', NULL, 28000.00, 'emitida', 'Ricardo', 'Altamirano', '40170102', NULL, NULL, NULL, '2025-11-25 00:03:41'),
(445, 164, 1, 445, NULL, '2025-11-16 17:58:00', NULL, 28000.00, 'emitida', 'Ricardo', 'Altamirano', '40170102', NULL, NULL, NULL, '2025-11-25 00:03:41'),
(446, 165, 1, 446, NULL, '2025-11-17 18:25:00', NULL, 28000.00, 'emitida', 'Ricardo', 'Altamirano', '40170102', NULL, NULL, NULL, '2025-11-25 00:03:41'),
(447, 166, 1, 447, NULL, '2025-11-19 18:05:00', NULL, 28000.00, 'emitida', 'Ricardo', 'Altamirano', '40170102', NULL, NULL, NULL, '2025-11-25 00:03:41'),
(448, 167, 1, 448, NULL, '2025-11-20 17:46:00', NULL, 28000.00, 'emitida', 'Ricardo', 'Altamirano', '40170102', NULL, NULL, NULL, '2025-11-25 00:03:41'),
(449, 168, 1, 449, NULL, '2025-11-21 17:00:00', NULL, 28000.00, 'emitida', 'Ricardo', 'Altamirano', '40170102', NULL, NULL, NULL, '2025-11-25 00:03:41'),
(450, 169, 1, 450, NULL, '2025-11-22 17:50:00', NULL, 28000.00, 'emitida', 'Ricardo', 'Altamirano', '40170102', NULL, NULL, NULL, '2025-11-25 00:03:41'),
(451, 170, 1, 451, NULL, '2025-11-05 18:34:00', NULL, 27500.00, 'emitida', 'Sabrina', 'Vera', '42299120', NULL, NULL, NULL, '2025-11-25 00:03:41'),
(452, 171, 1, 452, NULL, '2025-11-06 17:36:00', NULL, 27500.00, 'emitida', 'Sabrina', 'Vera', '42299120', NULL, NULL, NULL, '2025-11-25 00:03:41'),
(453, 172, 1, 453, NULL, '2025-11-03 14:36:00', NULL, 17600.00, 'emitida', 'Sofia', 'Lopez', '37755991', NULL, NULL, NULL, '2025-11-25 00:03:41'),
(454, 173, 1, 454, NULL, '2025-11-06 17:16:00', NULL, 28000.00, 'emitida', 'Sofia', 'Lopez', '37755991', NULL, NULL, NULL, '2025-11-25 00:03:41');
INSERT INTO `facturas` (`id`, `grupo_turnos_id`, `punto_venta`, `numero_factura`, `cae`, `fecha_emision`, `fecha_vencimiento_cae`, `total`, `estado`, `cliente_nombre`, `cliente_apellido`, `cliente_dni`, `cliente_direccion`, `cliente_email`, `url_factura`, `created_at`) VALUES
(455, 174, 1, 455, NULL, '2025-11-08 15:32:00', NULL, 17600.00, 'emitida', 'Sofia', 'Lopez', '37755991', NULL, NULL, NULL, '2025-11-25 00:03:41'),
(456, 175, 1, 456, NULL, '2025-11-13 14:54:00', NULL, 17600.00, 'emitida', 'Sofia', 'Lopez', '37755991', NULL, NULL, NULL, '2025-11-25 00:03:41'),
(457, 176, 1, 457, NULL, '2025-11-16 15:32:00', NULL, 17600.00, 'emitida', 'Sofia', 'Lopez', '37755991', NULL, NULL, NULL, '2025-11-25 00:03:41'),
(458, 177, 1, 458, NULL, '2025-11-17 15:55:00', NULL, 28000.00, 'emitida', 'Sofia', 'Lopez', '37755991', NULL, NULL, NULL, '2025-11-25 00:03:41'),
(459, 178, 1, 459, NULL, '2025-11-19 15:07:00', NULL, 17600.00, 'emitida', 'Sofia', 'Lopez', '37755991', NULL, NULL, NULL, '2025-11-25 00:03:41'),
(460, 179, 1, 460, NULL, '2025-11-22 15:02:00', NULL, 17600.00, 'emitida', 'Sofia', 'Lopez', '37755991', NULL, NULL, NULL, '2025-11-25 00:03:41'),
(461, 180, 1, 461, NULL, '2025-11-04 14:29:00', NULL, 90000.00, 'emitida', 'Tamara', 'Ruiz', '45322190', NULL, NULL, NULL, '2025-11-25 00:03:41'),
(462, 181, 1, 462, NULL, '2025-11-05 17:45:00', NULL, 27500.00, 'emitida', 'Tamara', 'Ruiz', '45322190', NULL, NULL, NULL, '2025-11-25 00:03:41'),
(463, 182, 1, 463, NULL, '2025-11-06 15:16:00', NULL, 25000.00, 'emitida', 'Tamara', 'Ruiz', '45322190', NULL, NULL, NULL, '2025-11-25 00:03:41'),
(464, 183, 1, 464, NULL, '2025-11-07 15:40:00', NULL, 25000.00, 'emitida', 'Tamara', 'Ruiz', '45322190', NULL, NULL, NULL, '2025-11-25 00:03:41'),
(465, 184, 1, 465, NULL, '2025-11-09 14:27:00', NULL, 25000.00, 'emitida', 'Tamara', 'Ruiz', '45322190', NULL, NULL, NULL, '2025-11-25 00:03:41'),
(466, 185, 1, 466, NULL, '2025-11-14 14:38:00', NULL, 25000.00, 'emitida', 'Tamara', 'Ruiz', '45322190', NULL, NULL, NULL, '2025-11-25 00:03:41'),
(467, 186, 1, 467, NULL, '2025-11-15 15:05:00', NULL, 25000.00, 'emitida', 'Tamara', 'Ruiz', '45322190', NULL, NULL, NULL, '2025-11-25 00:03:41'),
(468, 187, 1, 468, NULL, '2025-11-17 13:54:00', NULL, 25000.00, 'emitida', 'Tamara', 'Ruiz', '45322190', NULL, NULL, NULL, '2025-11-25 00:03:41'),
(469, 188, 1, 469, NULL, '2025-11-20 15:35:00', NULL, 25000.00, 'emitida', 'Tamara', 'Ruiz', '45322190', NULL, NULL, NULL, '2025-11-25 00:03:41'),
(470, 189, 1, 470, NULL, '2025-11-21 15:24:00', NULL, 25000.00, 'emitida', 'Tamara', 'Ruiz', '45322190', NULL, NULL, NULL, '2025-11-25 00:03:41');

-- --------------------------------------------------------

--
-- Estructura de tabla para la tabla `grupo_turnos`
--

CREATE TABLE `grupo_turnos` (
  `id` int(11) NOT NULL,
  `cliente_nombre` varchar(100) NOT NULL,
  `cliente_apellido` varchar(100) NOT NULL,
  `cliente_telefono` varchar(20) NOT NULL,
  `cliente_dni` varchar(20) DEFAULT NULL,
  `fecha` date NOT NULL,
  `total` decimal(10,2) NOT NULL DEFAULT 0.00,
  `estado` enum('pendiente','pagado','cancelado') DEFAULT 'pendiente',
  `created_at` timestamp NOT NULL DEFAULT current_timestamp()
) ENGINE=InnoDB DEFAULT CHARSET=utf8mb4 COLLATE=utf8mb4_general_ci;

--
-- Volcado de datos para la tabla `grupo_turnos`
--

INSERT INTO `grupo_turnos` (`id`, `cliente_nombre`, `cliente_apellido`, `cliente_telefono`, `cliente_dni`, `fecha`, `total`, `estado`, `created_at`) VALUES
(1, 'Florencia', 'Albarracin', '3513875107', '40829057', '2025-10-23', 237800.00, 'pendiente', '2025-10-22 18:12:22'),
(2, 'Tamara', 'Ruiz', '351352123', '40829058', '2025-10-23', 877500.00, 'pendiente', '2025-10-22 18:41:04'),
(3, 'Florencia', 'Albarracin', '3513875107', '40829057', '2025-10-25', 458200.00, 'pendiente', '2025-10-22 23:27:10'),
(4, 'Tamara', 'Ruiz', '351352123', '40829058', '2025-10-25', 209100.00, 'pendiente', '2025-10-22 23:30:43'),
(5, 'Lourdes', 'Rulo', '3513521215', '40829059', '2025-10-25', 177000.00, 'pendiente', '2025-10-22 23:33:15'),
(6, 'Florencia', 'Albarracin', '3513875107', '40829057', '2025-10-25', 129200.00, 'pendiente', '2025-10-23 00:47:28'),
(7, 'Rolando', 'Garibay', '3513521035', '40829060', '2025-10-25', 146200.00, 'pendiente', '2025-10-23 00:56:05'),
(8, 'Rolando', 'Garibay', '3513521035', '40829060', '2025-11-29', 190400.00, 'pendiente', '2025-10-23 01:34:05'),
(9, 'Florencia', 'Albarracin', '3513875107', '40829057', '2025-10-24', 483000.00, 'pendiente', '2025-10-23 18:27:15'),
(10, 'Tamara', 'Ruiz', '351352123', '40829058', '2025-10-25', 157700.00, 'pendiente', '2025-10-23 20:49:16'),
(11, 'Liliana', 'Lula', '3513878521', '40852954', '2025-10-25', 351100.00, 'pendiente', '2025-10-23 20:49:52'),
(12, 'Rolando', 'Garibay', '3513521035', '40829060', '2025-10-25', 220900.00, 'pendiente', '2025-10-23 20:50:15'),
(13, 'Florencia', 'Albarracin', '3513875107', '40829057', '2025-10-27', 211000.00, 'pendiente', '2025-10-23 20:50:58'),
(14, 'Rolando', 'Garibay', '3513521035', '40829060', '2025-10-27', 470900.00, 'pendiente', '2025-10-23 20:51:06'),
(15, 'Liliana', 'Lula', '3513878521', '40852954', '2025-10-27', 252000.00, 'pendiente', '2025-10-23 20:51:16'),
(16, 'Lourdes', 'Rulo', '3513521215', '40829059', '2025-10-27', 70800.00, 'pendiente', '2025-10-23 20:51:31'),
(17, 'Maria', 'Romero', '3513521254', '40829061', '2025-10-27', 161800.00, 'pendiente', '2025-10-23 21:00:59'),
(18, 'Maria Pia', 'Curtis', '351352124', '40829062', '2025-10-27', 260200.00, 'pendiente', '2025-10-23 21:01:39'),
(19, 'Rocio', 'Gomez', '3513521512', '40829063', '2025-10-27', 499000.00, 'pendiente', '2025-10-23 21:02:23'),
(20, 'Florencia', 'Albarracin', '3513875107', '40829057', '2025-10-25', 364000.00, 'pendiente', '2025-10-24 00:12:06'),
(21, 'Florencia', 'Albarracin', '3513875107', '40829057', '2025-10-30', 27500.00, 'pendiente', '2025-10-29 18:14:30'),
(22, 'Florencia', 'Albarracin', '3513875107', '40829057', '2025-10-31', 55700.00, 'pendiente', '2025-10-29 18:52:57'),
(23, 'Florencia', 'Albarracin', '3513875107', '40829057', '2025-11-01', 28000.00, 'pendiente', '2025-10-29 19:46:24'),
(24, 'Florencia', 'Albarracin', '3513875107', '40829057', '2025-11-06', 27700.00, 'pendiente', '2025-11-04 21:51:42'),
(25, 'Rolando', 'Garibay', '3513521035', '40829060', '2025-11-06', 28000.00, 'pendiente', '2025-11-05 18:25:42'),
(26, 'Rolando', 'Rodriguez', '3518107871', '40829080', '2025-11-06', 90000.00, 'pendiente', '2025-11-05 18:28:08'),
(27, 'Julio', 'Cesar', '3516760565', '40829082', '2025-11-06', 27500.00, 'pendiente', '2025-11-05 23:42:02'),
(28, 'Rolando', 'Rodriguez', '3518107871', '40829080', '2025-11-07', 117500.00, 'pendiente', '2025-11-06 21:32:01'),
(29, 'Florencia', 'Albarracin', '3513875107', '40829057', '2025-11-07', 80400.00, 'pendiente', '2025-11-06 22:19:35'),
(30, 'Julio', 'Cesar', '3516760565', '40829082', '2025-11-07', 25000.00, 'pendiente', '2025-11-06 22:25:13'),
(31, 'Julio', 'Cesar', '3516760565', '40829082', '2025-11-08', 27700.00, 'pendiente', '2025-11-06 23:25:02'),
(32, 'Florencia', 'Albarracin', '3513875107', '40829057', '2025-11-08', 90000.00, 'pendiente', '2025-11-06 23:35:47'),
(33, 'Julio', 'Cesar', '3516760565', '40829082', '2025-11-10', 28000.00, 'pendiente', '2025-11-06 23:37:36'),
(34, 'Florencia', 'Albarracin', '3513875107', '40829057', '2025-11-10', 90000.00, 'pendiente', '2025-11-06 23:50:09'),
(35, 'Julio', 'Cesar', '3516760565', '40829082', '2025-11-11', 53000.00, 'pendiente', '2025-11-06 23:53:21'),
(36, 'Ana', 'Ramirez', '3517712334', '39218911', '2025-11-03', 27500.00, 'pagado', '2025-11-24 23:12:11'),
(37, 'Antonella', 'Suarez', '3519011223', '43029911', '2025-11-04', 17600.00, 'pagado', '2025-11-24 23:12:11'),
(38, 'Antonella', 'Suarez', '3519011223', '43029911', '2025-11-06', 17600.00, 'pagado', '2025-11-24 23:12:11'),
(39, 'Antonella', 'Suarez', '3519011223', '43029911', '2025-11-08', 27500.00, 'pagado', '2025-11-24 23:12:11'),
(40, 'Antonella', 'Suarez', '3519011223', '43029911', '2025-11-13', 27500.00, 'pagado', '2025-11-24 23:12:11'),
(41, 'Antonella', 'Suarez', '3519011223', '43029911', '2025-11-16', 27500.00, 'pagado', '2025-11-24 23:12:11'),
(42, 'Antonella', 'Suarez', '3519011223', '43029911', '2025-11-17', 27500.00, 'pagado', '2025-11-24 23:12:11'),
(43, 'Antonella', 'Suarez', '3519011223', '43029911', '2025-11-19', 27500.00, 'pagado', '2025-11-24 23:12:11'),
(44, 'Antonella', 'Suarez', '3519011223', '43029911', '2025-11-22', 27500.00, 'pagado', '2025-11-24 23:12:11'),
(45, 'Camila', 'Peralta', '3515583922', '41022991', '2025-11-02', 28000.00, 'pagado', '2025-11-24 23:12:11'),
(46, 'Camila', 'Peralta', '3515583922', '41022991', '2025-11-05', 25000.00, 'pagado', '2025-11-24 23:12:11'),
(47, 'Camila', 'Peralta', '3515583922', '41022991', '2025-11-06', 28000.00, 'pagado', '2025-11-24 23:12:11'),
(48, 'Camila', 'Peralta', '3515583922', '41022991', '2025-11-08', 28000.00, 'pagado', '2025-11-24 23:12:11'),
(49, 'Camila', 'Peralta', '3515583922', '41022991', '2025-11-09', 25000.00, 'pagado', '2025-11-24 23:12:11'),
(50, 'Camila', 'Peralta', '3515583922', '41022991', '2025-11-13', 28000.00, 'pagado', '2025-11-24 23:12:11'),
(51, 'Camila', 'Peralta', '3515583922', '41022991', '2025-11-14', 25000.00, 'pagado', '2025-11-24 23:12:11'),
(52, 'Camila', 'Peralta', '3515583922', '41022991', '2025-11-16', 28000.00, 'pagado', '2025-11-24 23:12:11'),
(53, 'Camila', 'Peralta', '3515583922', '41022991', '2025-11-19', 28000.00, 'pagado', '2025-11-24 23:12:11'),
(54, 'Camila', 'Peralta', '3515583922', '41022991', '2025-11-20', 25000.00, 'pagado', '2025-11-24 23:12:11'),
(55, 'Camila', 'Peralta', '3515583922', '41022991', '2025-11-22', 28000.00, 'pagado', '2025-11-24 23:12:11'),
(56, 'Carla', 'Mendez', '3516127210', '41422190', '2025-11-04', 28000.00, 'pagado', '2025-11-24 23:12:11'),
(57, 'Clara', 'Diaz', '3519901230', '36877122', '2025-11-03', 15000.00, 'pagado', '2025-11-24 23:12:11'),
(58, 'Clara', 'Diaz', '3519901230', '36877122', '2025-11-05', 27500.00, 'pagado', '2025-11-24 23:12:11'),
(59, 'Clara', 'Diaz', '3519901230', '36877122', '2025-11-07', 17600.00, 'pagado', '2025-11-24 23:12:11'),
(60, 'Clara', 'Diaz', '3519901230', '36877122', '2025-11-09', 17600.00, 'pagado', '2025-11-24 23:12:11'),
(61, 'Clara', 'Diaz', '3519901230', '36877122', '2025-11-14', 17600.00, 'pagado', '2025-11-24 23:12:11'),
(62, 'Clara', 'Diaz', '3519901230', '36877122', '2025-11-15', 17600.00, 'pagado', '2025-11-24 23:12:11'),
(63, 'Clara', 'Diaz', '3519901230', '36877122', '2025-11-17', 17600.00, 'pagado', '2025-11-24 23:12:11'),
(64, 'Clara', 'Diaz', '3519901230', '36877122', '2025-11-20', 17600.00, 'pagado', '2025-11-24 23:12:11'),
(65, 'Clara', 'Diaz', '3519901230', '36877122', '2025-11-21', 17600.00, 'pagado', '2025-11-24 23:12:11'),
(66, 'Claudia', 'Medina', '3516678321', '39981811', '2025-11-06', 25000.00, 'pagado', '2025-11-24 23:12:11'),
(67, 'Claudia', 'Medina', '3516678321', '39981811', '2025-11-08', 25000.00, 'pagado', '2025-11-24 23:12:11'),
(68, 'Claudia', 'Medina', '3516678321', '39981811', '2025-11-13', 25000.00, 'pagado', '2025-11-24 23:12:11'),
(69, 'Claudia', 'Medina', '3516678321', '39981811', '2025-11-16', 25000.00, 'pagado', '2025-11-24 23:12:11'),
(70, 'Claudia', 'Medina', '3516678321', '39981811', '2025-11-17', 25000.00, 'pagado', '2025-11-24 23:12:11'),
(71, 'Claudia', 'Medina', '3516678321', '39981811', '2025-11-19', 25000.00, 'pagado', '2025-11-24 23:12:11'),
(72, 'Claudia', 'Medina', '3516678321', '39981811', '2025-11-22', 25000.00, 'pagado', '2025-11-24 23:12:11'),
(73, 'Hernan', 'Vega', '3515512202', '37822190', '2025-11-04', 27500.00, 'pagado', '2025-11-24 23:12:11'),
(74, 'Hernan', 'Vega', '3515512202', '37822190', '2025-11-07', 90000.00, 'pagado', '2025-11-24 23:12:11'),
(75, 'Hernan', 'Vega', '3515512202', '37822190', '2025-11-09', 28000.00, 'pagado', '2025-11-24 23:12:11'),
(76, 'Hernan', 'Vega', '3515512202', '37822190', '2025-11-14', 28000.00, 'pagado', '2025-11-24 23:12:11'),
(77, 'Hernan', 'Vega', '3515512202', '37822190', '2025-11-15', 90000.00, 'pagado', '2025-11-24 23:12:11'),
(78, 'Hernan', 'Vega', '3515512202', '37822190', '2025-11-17', 90000.00, 'pagado', '2025-11-24 23:12:11'),
(79, 'Hernan', 'Vega', '3515512202', '37822190', '2025-11-20', 28000.00, 'pagado', '2025-11-24 23:12:11'),
(80, 'Hernan', 'Vega', '3515512202', '37822190', '2025-11-21', 90000.00, 'pagado', '2025-11-24 23:12:11'),
(81, 'Jorge', 'Martinez', '3514412991', '39512821', '2025-11-04', 25000.00, 'pagado', '2025-11-24 23:12:11'),
(82, 'Jorge', 'Martinez', '3514412991', '39512821', '2025-11-05', 25000.00, 'pagado', '2025-11-24 23:12:11'),
(83, 'Jorge', 'Martinez', '3514412991', '39512821', '2025-11-07', 50000.00, 'pagado', '2025-11-24 23:12:11'),
(84, 'Jorge', 'Martinez', '3514412991', '39512821', '2025-11-08', 25000.00, 'pagado', '2025-11-24 23:12:11'),
(85, 'Jorge', 'Martinez', '3514412991', '39512821', '2025-11-09', 25000.00, 'pagado', '2025-11-24 23:12:11'),
(86, 'Jorge', 'Martinez', '3514412991', '39512821', '2025-11-13', 25000.00, 'pendiente', '2025-11-24 23:12:11'),
(87, 'Jorge', 'Martinez', '3514412991', '39512821', '2025-11-14', 25000.00, 'pagado', '2025-11-24 23:12:11'),
(88, 'Jorge', 'Martinez', '3514412991', '39512821', '2025-11-15', 50000.00, 'pagado', '2025-11-24 23:12:11'),
(89, 'Jorge', 'Martinez', '3514412991', '39512821', '2025-11-16', 25000.00, 'pendiente', '2025-11-24 23:12:11'),
(90, 'Jorge', 'Martinez', '3514412991', '39512821', '2025-11-17', 25000.00, 'pagado', '2025-11-24 23:12:11'),
(91, 'Jorge', 'Martinez', '3514412991', '39512821', '2025-11-19', 25000.00, 'pendiente', '2025-11-24 23:12:11'),
(92, 'Jorge', 'Martinez', '3514412991', '39512821', '2025-11-20', 25000.00, 'pagado', '2025-11-24 23:12:11'),
(93, 'Jorge', 'Martinez', '3514412991', '39512821', '2025-11-21', 50000.00, 'pagado', '2025-11-24 23:12:11'),
(94, 'Jorge', 'Martinez', '3514412991', '39512821', '2025-11-22', 25000.00, 'pendiente', '2025-11-24 23:12:11'),
(95, 'Laura', 'Benitez', '3516123456', '40211991', '2025-11-02', 17600.00, 'pagado', '2025-11-24 23:12:11'),
(96, 'Laura', 'Benitez', '3516123456', '40211991', '2025-11-05', 17600.00, 'pagado', '2025-11-24 23:12:11'),
(97, 'Laura', 'Benitez', '3516123456', '40211991', '2025-11-06', 25000.00, 'pagado', '2025-11-24 23:12:11'),
(98, 'Laura', 'Benitez', '3516123456', '40211991', '2025-11-08', 25000.00, 'pagado', '2025-11-24 23:12:11'),
(99, 'Laura', 'Benitez', '3516123456', '40211991', '2025-11-09', 17600.00, 'pagado', '2025-11-24 23:12:11'),
(100, 'Laura', 'Benitez', '3516123456', '40211991', '2025-11-13', 25000.00, 'pagado', '2025-11-24 23:12:11'),
(101, 'Laura', 'Benitez', '3516123456', '40211991', '2025-11-14', 17600.00, 'pagado', '2025-11-24 23:12:11'),
(102, 'Laura', 'Benitez', '3516123456', '40211991', '2025-11-16', 25000.00, 'pagado', '2025-11-24 23:12:11'),
(103, 'Laura', 'Benitez', '3516123456', '40211991', '2025-11-19', 25000.00, 'pagado', '2025-11-24 23:12:11'),
(104, 'Laura', 'Benitez', '3516123456', '40211991', '2025-11-20', 17600.00, 'pagado', '2025-11-24 23:12:11'),
(105, 'Laura', 'Benitez', '3516123456', '40211991', '2025-11-22', 25000.00, 'pagado', '2025-11-24 23:12:11'),
(106, 'Lorena', 'Martin', '3512325212', '36221900', '2025-11-07', 25000.00, 'pagado', '2025-11-24 23:12:11'),
(107, 'Lorena', 'Martin', '3512325212', '36221900', '2025-11-15', 25000.00, 'pagado', '2025-11-24 23:12:11'),
(108, 'Lorena', 'Martin', '3512325212', '36221900', '2025-11-21', 25000.00, 'pagado', '2025-11-24 23:12:11'),
(109, 'Lucas', 'Gimenez', '3516592213', '39122771', '2025-11-07', 15000.00, 'pagado', '2025-11-24 23:12:11'),
(110, 'Lucas', 'Gimenez', '3516592213', '39122771', '2025-11-09', 15000.00, 'pagado', '2025-11-24 23:12:11'),
(111, 'Lucas', 'Gimenez', '3516592213', '39122771', '2025-11-14', 15000.00, 'pagado', '2025-11-24 23:12:11'),
(112, 'Lucas', 'Gimenez', '3516592213', '39122771', '2025-11-15', 15000.00, 'pagado', '2025-11-24 23:12:11'),
(113, 'Lucas', 'Gimenez', '3516592213', '39122771', '2025-11-17', 15000.00, 'pagado', '2025-11-24 23:12:11'),
(114, 'Lucas', 'Gimenez', '3516592213', '39122771', '2025-11-20', 15000.00, 'pagado', '2025-11-24 23:12:11'),
(115, 'Lucas', 'Gimenez', '3516592213', '39122771', '2025-11-21', 15000.00, 'pagado', '2025-11-24 23:12:11'),
(116, 'Luciana', 'Barrios', '3515519923', '39511230', '2025-11-03', 25000.00, 'pagado', '2025-11-24 23:12:11'),
(117, 'Luciana', 'Barrios', '3515519923', '39511230', '2025-11-05', 25000.00, 'pagado', '2025-11-24 23:12:11'),
(118, 'Marcela', 'Paz', '3517791023', '40511290', '2025-11-03', 28000.00, 'pagado', '2025-11-24 23:12:11'),
(119, 'Marcela', 'Paz', '3517791023', '40511290', '2025-11-07', 15000.00, 'pagado', '2025-11-24 23:12:11'),
(120, 'Marcela', 'Paz', '3517791023', '40511290', '2025-11-09', 27500.00, 'pagado', '2025-11-24 23:12:11'),
(121, 'Marcela', 'Paz', '3517791023', '40511290', '2025-11-14', 27500.00, 'pagado', '2025-11-24 23:12:11'),
(122, 'Marcela', 'Paz', '3517791023', '40511290', '2025-11-15', 15000.00, 'pagado', '2025-11-24 23:12:11'),
(123, 'Marcela', 'Paz', '3517791023', '40511290', '2025-11-17', 27500.00, 'pagado', '2025-11-24 23:12:11'),
(124, 'Marcela', 'Paz', '3517791023', '40511290', '2025-11-20', 27500.00, 'pagado', '2025-11-24 23:12:11'),
(125, 'Marcela', 'Paz', '3517791023', '40511290', '2025-11-21', 15000.00, 'pagado', '2025-11-24 23:12:11'),
(126, 'Marcos', 'Quiroga', '3518891211', '42100721', '2025-11-02', 90000.00, 'pagado', '2025-11-24 23:12:11'),
(127, 'Marcos', 'Quiroga', '3518891211', '42100721', '2025-11-05', 90000.00, 'pagado', '2025-11-24 23:12:11'),
(128, 'Marcos', 'Quiroga', '3518891211', '42100721', '2025-11-06', 90000.00, 'pagado', '2025-11-24 23:12:11'),
(129, 'Marcos', 'Quiroga', '3518891211', '42100721', '2025-11-08', 90000.00, 'pagado', '2025-11-24 23:12:11'),
(130, 'Marcos', 'Quiroga', '3518891211', '42100721', '2025-11-13', 90000.00, 'pagado', '2025-11-24 23:12:11'),
(131, 'Marcos', 'Quiroga', '3518891211', '42100721', '2025-11-16', 90000.00, 'pagado', '2025-11-24 23:12:11'),
(132, 'Marcos', 'Quiroga', '3518891211', '42100721', '2025-11-19', 90000.00, 'pagado', '2025-11-24 23:12:11'),
(133, 'Marcos', 'Quiroga', '3518891211', '42100721', '2025-11-22', 90000.00, 'pagado', '2025-11-24 23:12:11'),
(134, 'Mauro', 'Pereyra', '3517239811', '39833122', '2025-11-02', 27500.00, 'pagado', '2025-11-24 23:12:11'),
(135, 'Mauro', 'Pereyra', '3517239811', '39833122', '2025-11-06', 27500.00, 'pagado', '2025-11-24 23:12:11'),
(136, 'Mauro', 'Pereyra', '3517239811', '39833122', '2025-11-08', 27500.00, 'pagado', '2025-11-24 23:12:11'),
(137, 'Mauro', 'Pereyra', '3517239811', '39833122', '2025-11-09', 27500.00, 'pagado', '2025-11-24 23:12:11'),
(138, 'Mauro', 'Pereyra', '3517239811', '39833122', '2025-11-13', 27500.00, 'pagado', '2025-11-24 23:12:11'),
(139, 'Mauro', 'Pereyra', '3517239811', '39833122', '2025-11-14', 27500.00, 'pagado', '2025-11-24 23:12:11'),
(140, 'Mauro', 'Pereyra', '3517239811', '39833122', '2025-11-16', 27500.00, 'pagado', '2025-11-24 23:12:11'),
(141, 'Mauro', 'Pereyra', '3517239811', '39833122', '2025-11-19', 27500.00, 'pagado', '2025-11-24 23:12:11'),
(142, 'Mauro', 'Pereyra', '3517239811', '39833122', '2025-11-20', 27500.00, 'pagado', '2025-11-24 23:12:11'),
(143, 'Mauro', 'Pereyra', '3517239811', '39833122', '2025-11-22', 27500.00, 'pagado', '2025-11-24 23:12:11'),
(144, 'Micaela', 'Paz', '3517712290', '40811290', '2025-11-02', 15000.00, 'pagado', '2025-11-24 23:12:11'),
(145, 'Micaela', 'Paz', '3517712290', '40811290', '2025-11-05', 15000.00, 'pagado', '2025-11-24 23:12:11'),
(146, 'Paula', 'Herrera', '3516198767', '39911782', '2025-11-01', 27500.00, 'pagado', '2025-11-24 23:12:11'),
(147, 'Paula', 'Herrera', '3516198767', '39911782', '2025-11-07', 27500.00, 'pagado', '2025-11-24 23:12:11'),
(148, 'Paula', 'Herrera', '3516198767', '39911782', '2025-11-08', 15000.00, 'pagado', '2025-11-24 23:12:11'),
(149, 'Paula', 'Herrera', '3516198767', '39911782', '2025-11-13', 15000.00, 'pagado', '2025-11-24 23:12:11'),
(150, 'Paula', 'Herrera', '3516198767', '39911782', '2025-11-15', 27500.00, 'pagado', '2025-11-24 23:12:11'),
(151, 'Paula', 'Herrera', '3516198767', '39911782', '2025-11-16', 15000.00, 'pagado', '2025-11-24 23:12:11'),
(152, 'Paula', 'Herrera', '3516198767', '39911782', '2025-11-19', 15000.00, 'pagado', '2025-11-24 23:12:11'),
(153, 'Paula', 'Herrera', '3516198767', '39911782', '2025-11-21', 27500.00, 'pagado', '2025-11-24 23:12:11'),
(154, 'Paula', 'Herrera', '3516198767', '39911782', '2025-11-22', 15000.00, 'pagado', '2025-11-24 23:12:11'),
(155, 'Ricardo', 'Altamirano', '3518823211', '40170102', '2025-11-01', 28000.00, 'pendiente', '2025-11-24 23:12:11'),
(156, 'Ricardo', 'Altamirano', '3518823211', '40170102', '2025-11-05', 28000.00, 'pendiente', '2025-11-24 23:12:11'),
(157, 'Ricardo', 'Altamirano', '3518823211', '40170102', '2025-11-06', 28000.00, 'pendiente', '2025-11-24 23:12:11'),
(158, 'Ricardo', 'Altamirano', '3518823211', '40170102', '2025-11-07', 28000.00, 'pendiente', '2025-11-24 23:12:11'),
(159, 'Ricardo', 'Altamirano', '3518823211', '40170102', '2025-11-08', 28000.00, 'pendiente', '2025-11-24 23:12:11'),
(160, 'Ricardo', 'Altamirano', '3518823211', '40170102', '2025-11-09', 28000.00, 'pendiente', '2025-11-24 23:12:11'),
(161, 'Ricardo', 'Altamirano', '3518823211', '40170102', '2025-11-13', 28000.00, 'pendiente', '2025-11-24 23:12:11'),
(162, 'Ricardo', 'Altamirano', '3518823211', '40170102', '2025-11-14', 28000.00, 'pendiente', '2025-11-24 23:12:11'),
(163, 'Ricardo', 'Altamirano', '3518823211', '40170102', '2025-11-15', 28000.00, 'pendiente', '2025-11-24 23:12:11'),
(164, 'Ricardo', 'Altamirano', '3518823211', '40170102', '2025-11-16', 28000.00, 'pendiente', '2025-11-24 23:12:11'),
(165, 'Ricardo', 'Altamirano', '3518823211', '40170102', '2025-11-17', 28000.00, 'pendiente', '2025-11-24 23:12:11'),
(166, 'Ricardo', 'Altamirano', '3518823211', '40170102', '2025-11-19', 28000.00, 'pendiente', '2025-11-24 23:12:11'),
(167, 'Ricardo', 'Altamirano', '3518823211', '40170102', '2025-11-20', 28000.00, 'pendiente', '2025-11-24 23:12:11'),
(168, 'Ricardo', 'Altamirano', '3518823211', '40170102', '2025-11-21', 28000.00, 'pendiente', '2025-11-24 23:12:11'),
(169, 'Ricardo', 'Altamirano', '3518823211', '40170102', '2025-11-22', 28000.00, 'pendiente', '2025-11-24 23:12:11'),
(170, 'Sabrina', 'Vera', '3517729101', '42299120', '2025-11-05', 27500.00, 'pagado', '2025-11-24 23:12:11'),
(171, 'Sabrina', 'Vera', '3517729101', '42299120', '2025-11-06', 27500.00, 'pagado', '2025-11-24 23:12:11'),
(172, 'Sofia', 'Lopez', '3513874512', '37755991', '2025-11-03', 17600.00, 'pagado', '2025-11-24 23:12:11'),
(173, 'Sofia', 'Lopez', '3513874512', '37755991', '2025-11-06', 28000.00, 'pagado', '2025-11-24 23:12:11'),
(174, 'Sofia', 'Lopez', '3513874512', '37755991', '2025-11-08', 17600.00, 'pagado', '2025-11-24 23:12:11'),
(175, 'Sofia', 'Lopez', '3513874512', '37755991', '2025-11-13', 17600.00, 'pagado', '2025-11-24 23:12:11'),
(176, 'Sofia', 'Lopez', '3513874512', '37755991', '2025-11-16', 17600.00, 'pagado', '2025-11-24 23:12:11'),
(177, 'Sofia', 'Lopez', '3513874512', '37755991', '2025-11-17', 28000.00, 'pagado', '2025-11-24 23:12:11'),
(178, 'Sofia', 'Lopez', '3513874512', '37755991', '2025-11-19', 17600.00, 'pagado', '2025-11-24 23:12:11'),
(179, 'Sofia', 'Lopez', '3513874512', '37755991', '2025-11-22', 17600.00, 'pagado', '2025-11-24 23:12:11'),
(180, 'Tamara', 'Ruiz', '3513521987', '45322190', '2025-11-04', 90000.00, 'pagado', '2025-11-24 23:12:11'),
(181, 'Tamara', 'Ruiz', '3513521987', '45322190', '2025-11-05', 27500.00, 'pagado', '2025-11-24 23:12:11'),
(182, 'Tamara', 'Ruiz', '3513521987', '45322190', '2025-11-06', 25000.00, 'pagado', '2025-11-24 23:12:11'),
(183, 'Tamara', 'Ruiz', '3513521987', '45322190', '2025-11-07', 25000.00, 'pagado', '2025-11-24 23:12:11'),
(184, 'Tamara', 'Ruiz', '3513521987', '45322190', '2025-11-09', 25000.00, 'pagado', '2025-11-24 23:12:11'),
(185, 'Tamara', 'Ruiz', '3513521987', '45322190', '2025-11-14', 25000.00, 'pagado', '2025-11-24 23:12:11'),
(186, 'Tamara', 'Ruiz', '3513521987', '45322190', '2025-11-15', 25000.00, 'pagado', '2025-11-24 23:12:11'),
(187, 'Tamara', 'Ruiz', '3513521987', '45322190', '2025-11-17', 25000.00, 'pagado', '2025-11-24 23:12:11'),
(188, 'Tamara', 'Ruiz', '3513521987', '45322190', '2025-11-20', 25000.00, 'pagado', '2025-11-24 23:12:11'),
(189, 'Tamara', 'Ruiz', '3513521987', '45322190', '2025-11-21', 25000.00, 'pagado', '2025-11-24 23:12:11');

-- --------------------------------------------------------

--
-- Estructura de tabla para la tabla `pagos`
--

CREATE TABLE `pagos` (
  `id` int(11) NOT NULL,
  `grupo_turnos_id` int(11) DEFAULT NULL,
  `turno_id` int(11) NOT NULL,
  `monto` decimal(10,2) NOT NULL,
  `metodo_pago` varchar(50) NOT NULL,
  `fecha_pago` datetime NOT NULL,
  `updated_at` timestamp NULL DEFAULT current_timestamp() ON UPDATE current_timestamp(),
  `transaccion_id` varchar(100) DEFAULT NULL,
  `alias_cbu` varchar(100) DEFAULT NULL,
  `cbu` varchar(22) DEFAULT NULL,
  `titular_cuenta` varchar(100) DEFAULT NULL,
  `cuit_cuenta` varchar(20) DEFAULT NULL,
  `banco` varchar(100) DEFAULT NULL,
  `comprobante_url` varchar(500) DEFAULT NULL,
  `notas` text DEFAULT NULL,
  `estado` varchar(20) DEFAULT 'completado'
) ENGINE=InnoDB DEFAULT CHARSET=utf8mb4 COLLATE=utf8mb4_general_ci;

--
-- Volcado de datos para la tabla `pagos`
--

INSERT INTO `pagos` (`id`, `grupo_turnos_id`, `turno_id`, `monto`, `metodo_pago`, `fecha_pago`, `updated_at`, `transaccion_id`, `alias_cbu`, `cbu`, `titular_cuenta`, `cuit_cuenta`, `banco`, `comprobante_url`, `notas`, `estado`) VALUES
(1, NULL, 14, 30000.00, 'efectivo', '2025-10-10 11:52:38', '2025-10-22 17:39:06', NULL, NULL, NULL, NULL, NULL, NULL, NULL, NULL, 'completado'),
(2, NULL, 15, 20000.00, 'efectivo', '2025-10-10 11:57:50', '2025-10-22 17:39:06', NULL, NULL, NULL, NULL, NULL, NULL, NULL, NULL, 'completado'),
(3, NULL, 14, 27700.00, 'efectivo', '2025-10-10 21:21:27', '2025-10-22 17:39:06', NULL, NULL, NULL, NULL, NULL, NULL, NULL, NULL, 'completado'),
(4, NULL, 20, 26200.00, 'efectivo', '2025-10-14 19:38:18', '2025-10-22 17:39:06', NULL, NULL, NULL, NULL, NULL, NULL, NULL, NULL, 'completado'),
(5, NULL, 22, 27700.00, 'efectivo', '2025-10-14 22:43:09', '2025-10-22 17:39:06', NULL, NULL, NULL, NULL, NULL, NULL, NULL, NULL, 'completado'),
(6, NULL, 24, 27700.00, 'transferencia', '2025-10-22 15:09:46', '2025-10-22 18:09:46', NULL, NULL, NULL, NULL, NULL, NULL, NULL, NULL, 'completado'),
(8, NULL, 24, 27700.00, 'transferencia', '2025-10-22 15:15:52', '2025-10-22 18:15:52', NULL, NULL, NULL, NULL, NULL, NULL, NULL, NULL, 'completado'),
(13, NULL, 24, 27700.00, 'transferencia', '2025-10-22 16:25:25', '2025-10-22 19:25:25', 'FAC-20251022-000013', NULL, NULL, NULL, NULL, NULL, NULL, NULL, 'completado'),
(14, NULL, 24, 27700.00, 'transferencia', '2025-10-22 16:25:56', '2025-10-22 19:25:56', 'FAC-20251022-000014', NULL, NULL, NULL, NULL, NULL, NULL, NULL, 'completado'),
(17, 1, 25, 53000.00, 'transferencia', '2025-10-22 16:52:30', '2025-10-22 19:52:30', 'FAC-20251022-000017', NULL, NULL, NULL, NULL, NULL, NULL, NULL, 'completado'),
(18, 2, 27, 25000.00, 'transferencia', '2025-10-22 16:53:00', '2025-10-22 19:53:00', 'FAC-20251022-000018', NULL, NULL, NULL, NULL, NULL, NULL, NULL, 'completado'),
(19, 2, 27, 25000.00, 'transferencia', '2025-10-22 17:04:25', '2025-10-22 20:04:25', 'FAC-20251022-000019', NULL, NULL, NULL, NULL, NULL, NULL, NULL, 'completado'),
(20, 2, 27, 25000.00, 'transferencia', '2025-10-22 19:09:47', '2025-10-22 22:09:47', 'FAC-20251023-000020', NULL, NULL, NULL, NULL, NULL, NULL, NULL, 'completado'),
(21, 2, 27, 25000.00, 'transferencia', '2025-10-22 19:09:47', '2025-10-22 22:09:47', 'FAC-20251023-000021', NULL, NULL, NULL, NULL, NULL, NULL, NULL, 'completado'),
(22, 1, 25, 53000.00, 'efectivo', '2025-10-22 19:24:53', '2025-10-22 22:24:53', 'FAC-20251023-000022', NULL, NULL, NULL, NULL, NULL, NULL, NULL, 'completado'),
(23, 2, 27, 25000.00, 'efectivo', '2025-10-22 19:43:46', '2025-10-22 22:43:46', 'FAC-20251023-000023', NULL, NULL, NULL, NULL, NULL, NULL, NULL, 'completado'),
(24, 2, 27, 25000.00, 'transferencia', '2025-10-22 19:44:44', '2025-10-22 22:44:44', 'FAC-20251023-000024', NULL, NULL, NULL, NULL, NULL, NULL, NULL, 'completado'),
(25, 2, 27, 25000.00, 'transferencia', '2025-10-22 19:44:44', '2025-10-22 22:44:44', 'FAC-20251023-000025', NULL, NULL, NULL, NULL, NULL, NULL, NULL, 'completado'),
(26, 2, 27, 25000.00, 'efectivo', '2025-10-22 19:48:15', '2025-10-22 22:48:15', 'FAC-20251023-000026', NULL, NULL, NULL, NULL, NULL, NULL, NULL, 'completado'),
(27, 3, 28, 80700.00, 'transferencia', '2025-10-22 21:35:54', '2025-10-23 00:35:54', 'FAC-20251023-000027', NULL, NULL, NULL, NULL, NULL, NULL, NULL, 'completado'),
(28, 2, 27, 25000.00, 'efectivo', '2025-10-22 21:38:32', '2025-10-23 00:38:35', 'FAC-20251023-000028', NULL, NULL, NULL, NULL, NULL, NULL, NULL, 'completado'),
(29, 3, 28, 80700.00, 'efectivo', '2025-10-22 21:51:52', '2025-10-23 00:51:53', 'FAC-20251023-000029', NULL, NULL, NULL, NULL, NULL, NULL, NULL, 'completado'),
(30, 1, 25, 53000.00, 'transferencia', '2025-10-23 13:22:44', '2025-10-23 16:22:44', 'FAC-20251023-000030', NULL, NULL, NULL, NULL, NULL, NULL, NULL, 'completado'),
(31, 1, 25, 53000.00, 'efectivo', '2025-10-23 13:36:02', '2025-10-23 16:36:02', 'FAC-20251023-000031', NULL, NULL, NULL, NULL, NULL, NULL, NULL, 'completado'),
(32, 7, 34, 28000.00, 'efectivo', '2025-10-23 13:36:56', '2025-10-23 16:36:56', 'FAC-20251023-000032', NULL, NULL, NULL, NULL, NULL, NULL, NULL, 'completado'),
(33, 7, 34, 28000.00, 'efectivo', '2025-10-23 13:37:18', '2025-10-23 16:37:18', 'FAC-20251023-000033', NULL, NULL, NULL, NULL, NULL, NULL, NULL, 'completado'),
(34, 7, 34, 28000.00, 'efectivo', '2025-10-23 14:04:01', '2025-10-23 17:04:01', 'COMP-20251023-000034', NULL, NULL, NULL, NULL, NULL, NULL, NULL, 'completado'),
(35, 1, 25, 53000.00, 'efectivo', '2025-10-23 14:04:55', '2025-10-23 17:04:55', 'COMP-20251023-000035', NULL, NULL, NULL, NULL, NULL, NULL, NULL, 'completado'),
(36, 4, 30, 27700.00, 'efectivo', '2025-10-23 14:17:10', '2025-10-23 17:17:10', 'COMP-20251023-000036', NULL, NULL, NULL, NULL, NULL, NULL, NULL, 'completado'),
(37, 4, 30, 27700.00, 'efectivo', '2025-10-23 14:17:51', '2025-10-23 17:17:51', 'COMP-20251023-000037', NULL, NULL, NULL, NULL, NULL, NULL, NULL, 'completado'),
(38, 5, 31, 28000.00, 'transferencia', '2025-10-23 14:53:01', '2025-10-23 17:53:01', 'COMP-20251023-000038', NULL, NULL, NULL, NULL, NULL, NULL, NULL, 'completado'),
(39, 5, 31, 28000.00, 'efectivo', '2025-10-23 14:53:37', '2025-10-23 17:53:37', 'COMP-20251023-000039', NULL, NULL, NULL, NULL, NULL, NULL, NULL, 'completado'),
(40, 1, 25, 53000.00, 'efectivo', '2025-10-23 15:23:13', '2025-10-23 18:23:13', 'COMP-20251023-000040', NULL, NULL, NULL, NULL, NULL, NULL, NULL, 'completado'),
(41, 6, 33, 28000.00, 'transferencia', '2025-10-23 17:48:33', '2025-10-23 20:48:33', 'COMP-20251023-000041', NULL, NULL, NULL, NULL, NULL, NULL, NULL, 'completado'),
(42, 13, 41, 28000.00, 'transferencia', '2025-10-23 17:52:36', '2025-10-23 20:52:36', 'COMP-20251023-000042', NULL, NULL, NULL, NULL, NULL, NULL, NULL, 'completado'),
(43, 15, 43, 28000.00, 'efectivo', '2025-10-23 17:57:55', '2025-10-23 20:57:55', 'COMP-20251023-000043', NULL, NULL, NULL, NULL, NULL, NULL, NULL, 'completado'),
(44, 19, 48, 28000.00, 'efectivo', '2025-10-23 18:07:52', '2025-10-23 21:07:52', 'COMP-20251023-000044', NULL, NULL, NULL, NULL, NULL, NULL, NULL, 'completado'),
(45, NULL, 266, 28000.00, 'mercadopago', '2025-09-01 19:38:00', '2025-09-02 01:27:00', 'TX266-51596', 'ALIAS266', '0042582558507642296058', 'Titular Gutiérrez', '30162868426', 'BBVA', 'https://comprobantes.fake/266.pdf', 'Pago generado automáticamente', 'completado'),
(46, NULL, 278, 28000.00, 'mercadopago', '2025-09-17 20:09:00', '2025-09-17 21:56:00', 'TX278-331262', 'ALIAS278', '0512091956578280770566', 'Titular Fernández', '30297080583', 'BBVA', 'https://comprobantes.fake/278.pdf', 'Pago generado automáticamente', 'completado'),
(47, NULL, 314, 28000.00, 'efectivo', '2025-09-24 21:43:00', '2025-09-24 22:46:00', 'TX314-556176', NULL, NULL, 'Titular Fernández', NULL, NULL, NULL, 'Pago generado automáticamente', 'completado'),
(48, 12, 325, 28000.00, 'efectivo', '2025-09-19 11:26:00', '2025-09-19 15:36:00', 'TX325-131363', NULL, NULL, 'Titular Ríos', NULL, NULL, NULL, 'Pago generado automáticamente', 'completado'),
(49, 13, 329, 28000.00, 'mercadopago', '2025-09-24 12:10:00', '2025-09-24 16:28:00', 'TX329-372426', 'ALIAS329', '0187467082578192540820', 'Titular Romero', '30537872662', 'Banco Provincia', 'https://comprobantes.fake/329.pdf', 'Pago generado automáticamente', 'completado'),
(50, 2, 333, 28000.00, 'transferencia', '2025-09-15 17:40:00', '2025-09-15 19:20:00', 'TX333-448692', 'ALIAS333', '0420525741223735500756', 'Titular Ramírez', '30521185374', 'Banco Provincia', 'https://comprobantes.fake/333.pdf', 'Pago generado automáticamente', 'completado'),
(51, 20, 376, 28000.00, 'efectivo', '2025-09-12 13:59:00', '2025-09-12 17:56:00', 'TX376-996341', NULL, NULL, 'Titular Gutiérrez', NULL, NULL, NULL, 'Pago generado automáticamente', 'completado'),
(52, NULL, 382, 28000.00, 'mercadopago', '2025-09-30 17:45:00', '2025-09-30 22:07:00', 'TX382-276619', 'ALIAS382', '0158437333217298000962', 'Titular Ibarra', '30336333446', 'BBVA', 'https://comprobantes.fake/382.pdf', 'Pago generado automáticamente', 'completado'),
(53, 3, 392, 28000.00, 'mercadopago', '2025-09-26 16:03:00', '2025-09-26 19:26:00', 'TX392-169097', 'ALIAS392', '0955702220979800600271', 'Titular Ríos', '30488989939', 'BBVA', 'https://comprobantes.fake/392.pdf', 'Pago generado automáticamente', 'completado'),
(54, 2, 398, 28000.00, 'mercadopago', '2025-09-09 18:39:00', '2025-09-09 23:17:00', 'TX398-836211', 'ALIAS398', '0082902144717892770905', 'Titular Silva', '30280681188', 'BBVA', 'https://comprobantes.fake/398.pdf', 'Pago generado automáticamente', 'completado'),
(55, 20, 415, 28000.00, 'transferencia', '2025-10-02 14:07:00', '2025-10-02 17:29:00', 'TX415-487193', 'ALIAS415', '0565413752166008300365', 'Titular Díaz', '30131207396', 'Banco Macro', 'https://comprobantes.fake/415.pdf', 'Pago generado automáticamente', 'completado'),
(56, 14, 422, 28000.00, 'transferencia', '2025-09-05 16:16:00', '2025-09-05 20:44:00', 'TX422-469142', 'ALIAS422', '0847938363298716400832', 'Titular Díaz', '30617512183', 'Banco Macro', 'https://comprobantes.fake/422.pdf', 'Pago generado automáticamente', 'completado'),
(57, 5, 440, 28000.00, 'efectivo', '2025-09-12 17:27:00', '2025-09-12 20:13:00', 'TX440-631754', NULL, NULL, 'Titular Pérez', NULL, NULL, NULL, 'Pago generado automáticamente', 'completado'),
(58, NULL, 456, 28000.00, 'mercadopago', '2025-09-05 11:10:00', '2025-09-05 15:57:00', 'TX456-899805', 'ALIAS456', '0652546737019481900563', 'Titular Rojas', '30858941245', 'BBVA', 'https://comprobantes.fake/456.pdf', 'Pago generado automáticamente', 'completado'),
(59, 2, 256, 25000.00, 'transferencia', '2025-10-23 16:45:00', '2025-10-23 22:02:00', 'TX256-547526', 'ALIAS256', '0452138198029378600618', 'Titular Ruiz', '30734138169', 'Santander', 'https://comprobantes.fake/256.pdf', 'Pago generado automáticamente', 'completado'),
(60, 3, 257, 25000.00, 'mercadopago', '2025-09-02 16:20:00', '2025-09-02 17:24:00', 'TX257-661553', 'ALIAS257', '0004739422355535833039', 'Titular Suárez', '30180966640', 'BBVA', 'https://comprobantes.fake/257.pdf', 'Pago generado automáticamente', 'completado'),
(61, 2, 258, 25000.00, 'transferencia', '2025-09-04 14:20:00', '2025-09-04 19:33:00', 'TX258-602934', 'ALIAS258', '0345206143656006200917', 'Titular Sosa', '30550522513', 'Banco Nación', 'https://comprobantes.fake/258.pdf', 'Pago generado automáticamente', 'completado'),
(62, 1, 260, 25000.00, 'transferencia', '2025-09-07 18:17:00', '2025-09-07 22:30:00', 'TX260-480659', 'ALIAS260', '0142258768102395120269', 'Titular Ramírez', '30919800132', 'BBVA', 'https://comprobantes.fake/260.pdf', 'Pago generado automáticamente', 'completado'),
(63, 3, 261, 25000.00, 'efectivo', '2025-09-02 16:34:00', '2025-09-02 20:01:00', 'TX261-398399', NULL, NULL, 'Titular Peralta', NULL, NULL, NULL, 'Pago generado automáticamente', 'completado'),
(64, 14, 265, 25000.00, 'efectivo', '2025-09-17 20:29:00', '2025-09-17 21:57:00', 'TX265-147302', NULL, NULL, 'Titular Gutiérrez', NULL, NULL, NULL, 'Pago generado automáticamente', 'completado'),
(65, 15, 270, 25000.00, 'transferencia', '2025-10-01 18:19:00', '2025-10-01 22:16:00', 'TX270-205941', 'ALIAS270', '0757795286139282700171', 'Titular Márquez', '30582376922', 'Banco Provincia', 'https://comprobantes.fake/270.pdf', 'Pago generado automáticamente', 'completado'),
(66, 13, 274, 25000.00, 'efectivo', '2025-09-11 09:35:00', '2025-09-11 14:39:00', 'TX274-979220', NULL, NULL, 'Titular Peralta', NULL, NULL, NULL, 'Pago generado automáticamente', 'completado'),
(67, 9, 312, 25000.00, 'mercadopago', '2025-09-12 20:20:00', '2025-09-13 00:00:00', 'TX312-493980', 'ALIAS312', '0520375053882948160119', 'Titular Márquez', '30038538164', 'Santander', 'https://comprobantes.fake/312.pdf', 'Pago generado automáticamente', 'completado'),
(68, 4, 313, 25000.00, 'efectivo', '2025-09-26 19:44:00', '2025-09-26 23:19:00', 'TX313-669813', NULL, NULL, 'Titular Torres', NULL, NULL, NULL, 'Pago generado automáticamente', 'completado'),
(69, 1, 330, 25000.00, 'transferencia', '2025-09-03 14:51:00', '2025-09-03 18:30:00', 'TX330-334513', 'ALIAS330', '0105329100140676930523', 'Titular Silva', '30299538953', 'Santander', 'https://comprobantes.fake/330.pdf', 'Pago generado automáticamente', 'completado'),
(70, NULL, 338, 25000.00, 'mercadopago', '2025-09-17 17:32:00', '2025-09-17 19:57:00', 'TX338-338439', 'ALIAS338', '0412873667118021950049', 'Titular Rojas', '30006630564', 'Santander', 'https://comprobantes.fake/338.pdf', 'Pago generado automáticamente', 'completado'),
(71, 5, 340, 25000.00, 'transferencia', '2025-09-10 21:25:00', '2025-09-11 02:40:00', 'TX340-485082', 'ALIAS340', '0227711801629245100683', 'Titular Alvarez', '30733421298', 'BBVA', 'https://comprobantes.fake/340.pdf', 'Pago generado automáticamente', 'completado'),
(72, 4, 346, 25000.00, 'mercadopago', '2025-09-03 17:13:00', '2025-09-03 19:54:00', 'TX346-398494', 'ALIAS346', '0315717183347528000383', 'Titular López', '30968366262', 'BBVA', 'https://comprobantes.fake/346.pdf', 'Pago generado automáticamente', 'completado'),
(73, 1, 347, 25000.00, 'transferencia', '2025-09-30 16:37:00', '2025-09-30 21:30:00', 'TX347-256574', 'ALIAS347', '0650998591120353500485', 'Titular Ortiz', '30473349375', 'Santander', 'https://comprobantes.fake/347.pdf', 'Pago generado automáticamente', 'completado'),
(74, 19, 352, 25000.00, 'efectivo', '2025-10-03 14:19:00', '2025-10-03 16:11:00', 'TX352-669824', NULL, NULL, 'Titular Peralta', NULL, NULL, NULL, 'Pago generado automáticamente', 'completado'),
(75, 12, 354, 25000.00, 'mercadopago', '2025-09-17 22:35:00', '2025-09-18 02:34:00', 'TX354-314753', 'ALIAS354', '0080729957745159000459', 'Titular Silva', '30054759603', 'Santander', 'https://comprobantes.fake/354.pdf', 'Pago generado automáticamente', 'completado'),
(76, 3, 359, 25000.00, 'efectivo', '2025-10-01 17:08:00', '2025-10-01 19:52:00', 'TX359-705523', NULL, NULL, 'Titular Herrera', NULL, NULL, NULL, 'Pago generado automáticamente', 'completado'),
(77, NULL, 378, 25000.00, 'transferencia', '2025-09-22 19:34:00', '2025-09-23 01:05:00', 'TX378-778329', 'ALIAS378', '0578810556399459600559', 'Titular Medina', '30058888377', 'BBVA', 'https://comprobantes.fake/378.pdf', 'Pago generado automáticamente', 'completado'),
(78, 5, 418, 25000.00, 'mercadopago', '2025-09-17 17:05:00', '2025-09-17 21:30:00', 'TX418-672029', 'ALIAS418', '0103817541248926460503', 'Titular Alvarez', '30203549591', 'Banco Macro', 'https://comprobantes.fake/418.pdf', 'Pago generado automáticamente', 'completado'),
(79, NULL, 424, 25000.00, 'mercadopago', '2025-09-20 17:25:00', '2025-09-21 00:05:00', 'TX424-65760', 'ALIAS424', '0638817305340261500996', 'Titular López', '30067570721', 'Banco Provincia', 'https://comprobantes.fake/424.pdf', 'Pago generado automáticamente', 'completado'),
(80, 2, 437, 25000.00, 'transferencia', '2025-09-24 16:38:00', '2025-09-24 20:26:00', 'TX437-845338', 'ALIAS437', '0585273506664925700390', 'Titular Cabrera', '30195933391', 'Santander', 'https://comprobantes.fake/437.pdf', 'Pago generado automáticamente', 'completado'),
(81, 2, 442, 25000.00, 'transferencia', '2025-10-02 20:03:00', '2025-10-03 00:32:00', 'TX442-882383', 'ALIAS442', '0751546334243888400110', 'Titular Martínez', '30298273252', 'Banco Nación', 'https://comprobantes.fake/442.pdf', 'Pago generado automáticamente', 'completado'),
(82, 8, 443, 25000.00, 'mercadopago', '2025-09-03 17:06:00', '2025-09-03 22:24:00', 'TX443-276281', 'ALIAS443', '0948103212703115500911', 'Titular Rojas', '30714055690', 'Santander', 'https://comprobantes.fake/443.pdf', 'Pago generado automáticamente', 'completado'),
(83, NULL, 262, 90000.00, 'efectivo', '2025-09-04 17:14:00', '2025-09-04 19:38:00', 'TX262-115187', NULL, NULL, 'Titular Mendoza', NULL, NULL, NULL, 'Pago generado automáticamente', 'completado'),
(84, 2, 277, 90000.00, 'transferencia', '2025-09-01 21:06:00', '2025-09-02 02:18:00', 'TX277-387568', 'ALIAS277', '0835683685574386000015', 'Titular Gómez', '30571506540', 'Santander', 'https://comprobantes.fake/277.pdf', 'Pago generado automáticamente', 'completado'),
(85, 17, 334, 90000.00, 'transferencia', '2025-09-02 12:46:00', '2025-09-02 16:34:00', 'TX334-573501', 'ALIAS334', '0062313541828015390591', 'Titular Medina', '30768378553', 'Banco Nación', 'https://comprobantes.fake/334.pdf', 'Pago generado automáticamente', 'completado'),
(86, 2, 341, 90000.00, 'efectivo', '2025-09-02 21:57:00', '2025-09-03 01:45:00', 'TX341-110951', NULL, NULL, 'Titular Díaz', NULL, NULL, NULL, 'Pago generado automáticamente', 'completado'),
(87, 11, 405, 90000.00, 'mercadopago', '2025-09-09 20:38:00', '2025-09-10 00:32:00', 'TX405-658657', 'ALIAS405', '0511210549167553500580', 'Titular Gutiérrez', '30366768254', 'Banco Nación', 'https://comprobantes.fake/405.pdf', 'Pago generado automáticamente', 'completado'),
(88, 2, 426, 90000.00, 'transferencia', '2025-09-11 21:55:00', '2025-09-12 02:29:00', 'TX426-754015', 'ALIAS426', '0713796463528458500306', 'Titular Ortiz', '30393288813', 'Banco Nación', 'https://comprobantes.fake/426.pdf', 'Pago generado automáticamente', 'completado'),
(89, 1, 268, 27500.00, 'efectivo', '2025-09-24 17:33:00', '2025-09-24 22:15:00', 'TX268-578304', NULL, NULL, 'Titular Herrera', NULL, NULL, NULL, 'Pago generado automáticamente', 'completado'),
(90, 3, 273, 27500.00, 'transferencia', '2025-09-19 16:45:00', '2025-09-19 21:55:00', 'TX273-223504', 'ALIAS273', '0482013044396427500739', 'Titular Ibarra', '30251721914', 'Banco Nación', 'https://comprobantes.fake/273.pdf', 'Pago generado automáticamente', 'completado'),
(91, 15, 275, 27500.00, 'transferencia', '2025-09-06 16:18:00', '2025-09-06 20:13:00', 'TX275-600031', 'ALIAS275', '0454492833888617150472', 'Titular Ibarra', '30998365596', 'Banco Macro', 'https://comprobantes.fake/275.pdf', 'Pago generado automáticamente', 'completado'),
(92, 19, 287, 27500.00, 'mercadopago', '2025-09-22 12:45:00', '2025-09-22 17:04:00', 'TX287-526932', 'ALIAS287', '0515399916577525400996', 'Titular Vega', '30434809384', 'Banco Nación', 'https://comprobantes.fake/287.pdf', 'Pago generado automáticamente', 'completado'),
(93, NULL, 288, 27500.00, 'transferencia', '2025-09-13 17:55:00', '2025-09-13 23:25:00', 'TX288-924898', 'ALIAS288', '0865924930075113600554', 'Titular Ruiz', '30176866179', 'Banco Provincia', 'https://comprobantes.fake/288.pdf', 'Pago generado automáticamente', 'completado'),
(94, 14, 309, 27500.00, 'transferencia', '2025-09-13 16:01:00', '2025-09-13 19:44:00', 'TX309-387605', 'ALIAS309', '0386816199297845570771', 'Titular Martínez', '30695869014', 'Banco Nación', 'https://comprobantes.fake/309.pdf', 'Pago generado automáticamente', 'completado'),
(95, 8, 316, 27500.00, 'mercadopago', '2025-09-18 16:51:00', '2025-09-18 22:57:00', 'TX316-389147', 'ALIAS316', '0544749812730355100556', 'Titular Alvarez', '30147290298', 'Banco Nación', 'https://comprobantes.fake/316.pdf', 'Pago generado automáticamente', 'completado'),
(96, 8, 331, 27500.00, 'mercadopago', '2025-09-27 14:19:00', '2025-09-27 19:46:00', 'TX331-641098', 'ALIAS331', '0123573787625482110694', 'Titular Vega', '30102147480', 'Banco Macro', 'https://comprobantes.fake/331.pdf', 'Pago generado automáticamente', 'completado'),
(97, 18, 370, 27500.00, 'mercadopago', '2025-09-29 12:20:00', '2025-09-29 16:32:00', 'TX370-537575', 'ALIAS370', '0213474560727807300454', 'Titular Márquez', '30632807857', 'Santander', 'https://comprobantes.fake/370.pdf', 'Pago generado automáticamente', 'completado'),
(98, 13, 372, 27500.00, 'efectivo', '2025-09-08 14:19:00', '2025-09-08 18:28:00', 'TX372-890833', NULL, NULL, 'Titular Romero', NULL, NULL, NULL, 'Pago generado automáticamente', 'completado'),
(99, 13, 385, 27500.00, 'efectivo', '2025-09-22 20:23:00', '2025-09-22 22:54:00', 'TX385-376417', NULL, NULL, 'Titular Medina', NULL, NULL, NULL, 'Pago generado automáticamente', 'completado'),
(100, 7, 408, 27500.00, 'efectivo', '2025-09-16 14:05:00', '2025-09-16 17:52:00', 'TX408-432974', NULL, NULL, 'Titular Benítez', NULL, NULL, NULL, 'Pago generado automáticamente', 'completado'),
(101, 2, 410, 27500.00, 'efectivo', '2025-09-27 18:08:00', '2025-09-27 19:44:00', 'TX410-217134', NULL, NULL, 'Titular Pérez', NULL, NULL, NULL, 'Pago generado automáticamente', 'completado'),
(102, 19, 411, 27500.00, 'transferencia', '2025-09-25 21:41:00', '2025-09-26 01:23:00', 'TX411-789733', 'ALIAS411', '0157548046817582140418', 'Titular Gutiérrez', '30620060357', 'Santander', 'https://comprobantes.fake/411.pdf', 'Pago generado automáticamente', 'completado'),
(103, NULL, 276, 27700.00, 'transferencia', '2025-09-05 18:35:00', '2025-09-05 22:31:00', 'TX276-756569', 'ALIAS276', '0821242638697142400836', 'Titular Romero', '30718791030', 'Banco Nación', 'https://comprobantes.fake/276.pdf', 'Pago generado automáticamente', 'completado'),
(104, 4, 299, 27700.00, 'efectivo', '2025-10-01 17:28:00', '2025-10-01 23:04:00', 'TX299-682087', NULL, NULL, 'Titular Domínguez', NULL, NULL, NULL, 'Pago generado automáticamente', 'completado'),
(105, NULL, 304, 27700.00, 'transferencia', '2025-09-19 15:08:00', '2025-09-19 17:51:00', 'TX304-557208', 'ALIAS304', '0763134432735978100144', 'Titular Sosa', '30430837351', 'BBVA', 'https://comprobantes.fake/304.pdf', 'Pago generado automáticamente', 'completado'),
(106, NULL, 306, 27700.00, 'efectivo', '2025-09-04 13:01:00', '2025-09-04 15:53:00', 'TX306-526706', NULL, NULL, 'Titular Ibarra', NULL, NULL, NULL, 'Pago generado automáticamente', 'completado'),
(107, 15, 323, 27700.00, 'efectivo', '2025-09-15 18:24:00', '2025-09-15 23:31:00', 'TX323-362106', NULL, NULL, 'Titular Pérez', NULL, NULL, NULL, 'Pago generado automáticamente', 'completado'),
(108, NULL, 324, 27700.00, 'transferencia', '2025-09-20 18:06:00', '2025-09-20 21:17:00', 'TX324-136159', 'ALIAS324', '0331091647344726700246', 'Titular Ramírez', '30241621477', 'Banco Macro', 'https://comprobantes.fake/324.pdf', 'Pago generado automáticamente', 'completado'),
(109, 8, 335, 27700.00, 'transferencia', '2025-10-03 14:27:00', '2025-10-03 17:44:00', 'TX335-210243', 'ALIAS335', '0748934633796042400113', 'Titular Fernández', '30322912267', 'Banco Provincia', 'https://comprobantes.fake/335.pdf', 'Pago generado automáticamente', 'completado'),
(110, 12, 350, 27700.00, 'transferencia', '2025-09-05 17:43:00', '2025-09-05 23:08:00', 'TX350-517267', 'ALIAS350', '0794431696454465200420', 'Titular Peralta', '30718490027', 'Banco Provincia', 'https://comprobantes.fake/350.pdf', 'Pago generado automáticamente', 'completado'),
(111, 18, 358, 27700.00, 'transferencia', '2025-09-24 21:47:00', '2025-09-24 23:59:00', 'TX358-764404', 'ALIAS358', '0639998139478264600906', 'Titular Silva', '30613888670', 'Banco Provincia', 'https://comprobantes.fake/358.pdf', 'Pago generado automáticamente', 'completado'),
(112, 1, 362, 27700.00, 'mercadopago', '2025-09-10 19:39:00', '2025-09-11 00:20:00', 'TX362-829173', 'ALIAS362', '0198461574687121020504', 'Titular Cabrera', '30928549456', 'Banco Nación', 'https://comprobantes.fake/362.pdf', 'Pago generado automáticamente', 'completado'),
(113, 7, 363, 27700.00, 'mercadopago', '2025-09-02 22:26:00', '2025-09-03 02:53:00', 'TX363-873619', 'ALIAS363', '0630641278466806900532', 'Titular Martínez', '30769820526', 'Banco Provincia', 'https://comprobantes.fake/363.pdf', 'Pago generado automáticamente', 'completado'),
(114, 4, 368, 27700.00, 'mercadopago', '2025-09-06 18:44:00', '2025-09-06 19:47:00', 'TX368-692083', 'ALIAS368', '0048900837124232984168', 'Titular Ortiz', '30694567497', 'Santander', 'https://comprobantes.fake/368.pdf', 'Pago generado automáticamente', 'completado'),
(115, NULL, 377, 27700.00, 'mercadopago', '2025-09-06 16:23:00', '2025-09-06 17:45:00', 'TX377-991159', 'ALIAS377', '0578632323610254000919', 'Titular López', '30862520779', 'Banco Macro', 'https://comprobantes.fake/377.pdf', 'Pago generado automáticamente', 'completado'),
(116, 8, 379, 27700.00, 'efectivo', '2025-09-20 17:28:00', '2025-09-20 22:53:00', 'TX379-584879', NULL, NULL, 'Titular Sosa', NULL, NULL, NULL, 'Pago generado automáticamente', 'completado'),
(117, 12, 397, 27700.00, 'efectivo', '2025-09-17 12:05:00', '2025-09-17 17:41:00', 'TX397-763587', NULL, NULL, 'Titular Herrera', NULL, NULL, NULL, 'Pago generado automáticamente', 'completado'),
(118, NULL, 449, 27700.00, 'transferencia', '2025-09-13 13:41:00', '2025-09-13 16:11:00', 'TX449-171610', 'ALIAS449', '0339202504920961800181', 'Titular Fernández', '30888299498', 'Santander', 'https://comprobantes.fake/449.pdf', 'Pago generado automáticamente', 'completado'),
(119, 3, 259, 26200.00, 'mercadopago', '2025-09-02 11:02:00', '2025-09-02 15:57:00', 'TX259-97560', 'ALIAS259', '0454399702562391500979', 'Titular Vega', '30533388335', 'BBVA', 'https://comprobantes.fake/259.pdf', 'Pago generado automáticamente', 'completado'),
(120, NULL, 264, 26200.00, 'efectivo', '2025-09-01 18:21:00', '2025-09-01 21:57:00', 'TX264-140936', NULL, NULL, 'Titular Benítez', NULL, NULL, NULL, 'Pago generado automáticamente', 'completado'),
(121, NULL, 269, 26200.00, 'efectivo', '2025-09-04 13:52:00', '2025-09-04 17:57:00', 'TX269-81223', NULL, NULL, 'Titular Ruiz', NULL, NULL, NULL, 'Pago generado automáticamente', 'completado'),
(122, 14, 282, 26200.00, 'mercadopago', '2025-09-22 15:34:00', '2025-09-22 17:06:00', 'TX282-47578', 'ALIAS282', '0159549854844389340655', 'Titular Sosa', '30796414536', 'Banco Nación', 'https://comprobantes.fake/282.pdf', 'Pago generado automáticamente', 'completado'),
(123, NULL, 300, 26200.00, 'mercadopago', '2025-09-25 15:47:00', '2025-09-25 18:13:00', 'TX300-988877', 'ALIAS300', '0779695388655825900931', 'Titular Alvarez', '30320138687', 'Santander', 'https://comprobantes.fake/300.pdf', 'Pago generado automáticamente', 'completado'),
(124, NULL, 305, 26200.00, 'efectivo', '2025-09-19 19:59:00', '2025-09-19 22:11:00', 'TX305-70334', NULL, NULL, 'Titular Martínez', NULL, NULL, NULL, 'Pago generado automáticamente', 'completado'),
(125, NULL, 328, 26200.00, 'mercadopago', '2025-09-15 20:20:00', '2025-09-16 00:57:00', 'TX328-421646', 'ALIAS328', '0199812930263404670734', 'Titular Pérez', '30071187186', 'Banco Nación', 'https://comprobantes.fake/328.pdf', 'Pago generado automáticamente', 'completado'),
(126, 15, 339, 26200.00, 'transferencia', '2025-09-22 20:25:00', '2025-09-23 02:33:00', 'TX339-517856', 'ALIAS339', '0919631773531093900044', 'Titular Domínguez', '30464048228', 'Banco Nación', 'https://comprobantes.fake/339.pdf', 'Pago generado automáticamente', 'completado'),
(127, 15, 357, 26200.00, 'transferencia', '2025-09-11 16:55:00', '2025-09-11 20:21:00', 'TX357-14559', 'ALIAS357', '0808950519011309800001', 'Titular Torres', '30578521422', 'Santander', 'https://comprobantes.fake/357.pdf', 'Pago generado automáticamente', 'completado'),
(128, 3, 366, 26200.00, 'mercadopago', '2025-09-13 12:24:00', '2025-09-13 14:29:00', 'TX366-879198', 'ALIAS366', '0468970073823789200707', 'Titular Díaz', '30129363696', 'Banco Macro', 'https://comprobantes.fake/366.pdf', 'Pago generado automáticamente', 'completado'),
(129, 6, 371, 26200.00, 'efectivo', '2025-09-05 20:34:00', '2025-09-05 23:37:00', 'TX371-878509', NULL, NULL, 'Titular Ortiz', NULL, NULL, NULL, 'Pago generado automáticamente', 'completado'),
(130, NULL, 386, 26200.00, 'transferencia', '2025-10-03 13:18:00', '2025-10-03 15:47:00', 'TX386-65590', 'ALIAS386', '0105977691808694690333', 'Titular Martínez', '30347651765', 'BBVA', 'https://comprobantes.fake/386.pdf', 'Pago generado automáticamente', 'completado'),
(131, 15, 387, 26200.00, 'transferencia', '2025-09-20 16:37:00', '2025-09-20 21:00:00', 'TX387-132610', 'ALIAS387', '0909328235228851600148', 'Titular Mendoza', '30016062895', 'BBVA', 'https://comprobantes.fake/387.pdf', 'Pago generado automáticamente', 'completado'),
(132, NULL, 406, 26200.00, 'efectivo', '2025-09-25 14:51:00', '2025-09-25 16:53:00', 'TX406-681439', NULL, NULL, 'Titular López', NULL, NULL, NULL, 'Pago generado automáticamente', 'completado'),
(133, 17, 452, 26200.00, 'efectivo', '2025-09-01 21:32:00', '2025-09-02 02:13:00', 'TX452-177373', NULL, NULL, 'Titular Torres', NULL, NULL, NULL, 'Pago generado automáticamente', 'completado'),
(134, NULL, 455, 26200.00, 'mercadopago', '2025-09-05 19:07:00', '2025-09-06 00:50:00', 'TX455-172660', 'ALIAS455', '0988008833479144400422', 'Titular Ortiz', '30146289717', 'Banco Macro', 'https://comprobantes.fake/455.pdf', 'Pago generado automáticamente', 'completado'),
(135, 9, 272, 15000.00, 'mercadopago', '2025-09-01 10:52:00', '2025-09-01 16:25:00', 'TX272-598326', 'ALIAS272', '0358207657335519500996', 'Titular Romero', '30905665527', 'Banco Macro', 'https://comprobantes.fake/272.pdf', 'Pago generado automáticamente', 'completado'),
(136, NULL, 281, 15000.00, 'mercadopago', '2025-09-16 14:38:00', '2025-09-16 19:24:00', 'TX281-808555', 'ALIAS281', '0420490051079997800676', 'Titular Alvarez', '30122453579', 'Banco Macro', 'https://comprobantes.fake/281.pdf', 'Pago generado automáticamente', 'completado'),
(137, NULL, 284, 15000.00, 'transferencia', '2025-09-01 20:38:00', '2025-09-01 22:02:00', 'TX284-103440', 'ALIAS284', '0917600586933643300277', 'Titular Silva', '30635609467', 'Banco Provincia', 'https://comprobantes.fake/284.pdf', 'Pago generado automáticamente', 'completado'),
(138, 15, 285, 15000.00, 'mercadopago', '2025-09-19 17:55:00', '2025-09-20 00:32:00', 'TX285-956570', 'ALIAS285', '0308341066640188100671', 'Titular Torres', '30434942036', 'Banco Nación', 'https://comprobantes.fake/285.pdf', 'Pago generado automáticamente', 'completado'),
(139, 16, 291, 15000.00, 'transferencia', '2025-09-06 14:39:00', '2025-09-06 16:44:00', 'TX291-962538', 'ALIAS291', '0692854613710990700576', 'Titular Benítez', '30804718579', 'Banco Provincia', 'https://comprobantes.fake/291.pdf', 'Pago generado automáticamente', 'completado'),
(140, 9, 292, 15000.00, 'efectivo', '2025-09-27 16:40:00', '2025-09-27 22:07:00', 'TX292-747218', NULL, NULL, 'Titular Sosa', NULL, NULL, NULL, 'Pago generado automáticamente', 'completado'),
(141, 4, 293, 15000.00, 'transferencia', '2025-09-18 17:38:00', '2025-09-18 21:51:00', 'TX293-236098', 'ALIAS293', '0600612850487803000294', 'Titular Suárez', '30672001075', 'Banco Macro', 'https://comprobantes.fake/293.pdf', 'Pago generado automáticamente', 'completado'),
(142, 20, 298, 15000.00, 'transferencia', '2025-09-24 12:09:00', '2025-09-24 17:51:00', 'TX298-41672', 'ALIAS298', '0689602401749791900322', 'Titular Cabrera', '30546165440', 'BBVA', 'https://comprobantes.fake/298.pdf', 'Pago generado automáticamente', 'completado'),
(143, NULL, 315, 15000.00, 'efectivo', '2025-09-11 15:12:00', '2025-09-11 18:18:00', 'TX315-936912', NULL, NULL, 'Titular López', NULL, NULL, NULL, 'Pago generado automáticamente', 'completado'),
(144, 8, 342, 15000.00, 'efectivo', '2025-09-02 11:17:00', '2025-09-02 15:10:00', 'TX342-601880', NULL, NULL, 'Titular Torres', NULL, NULL, NULL, 'Pago generado automáticamente', 'completado'),
(145, 7, 353, 15000.00, 'efectivo', '2025-09-11 16:35:00', '2025-09-11 21:26:00', 'TX353-84839', NULL, NULL, 'Titular Gómez', NULL, NULL, NULL, 'Pago generado automáticamente', 'completado'),
(146, 10, 360, 15000.00, 'mercadopago', '2025-09-23 12:09:00', '2025-09-23 17:21:00', 'TX360-600179', 'ALIAS360', '0290936379964404160654', 'Titular Pérez', '30397905507', 'Banco Nación', 'https://comprobantes.fake/360.pdf', 'Pago generado automáticamente', 'completado'),
(147, 6, 367, 15000.00, 'mercadopago', '2025-09-22 15:22:00', '2025-09-22 18:15:00', 'TX367-680342', 'ALIAS367', '0463843517437431500278', 'Titular Medina', '30999418338', 'Banco Nación', 'https://comprobantes.fake/367.pdf', 'Pago generado automáticamente', 'completado'),
(148, 2, 369, 15000.00, 'mercadopago', '2025-09-29 11:45:00', '2025-09-29 15:24:00', 'TX369-637442', 'ALIAS369', '0753153354630948400853', 'Titular Torres', '30007740370', 'Banco Macro', 'https://comprobantes.fake/369.pdf', 'Pago generado automáticamente', 'completado'),
(149, NULL, 380, 15000.00, 'transferencia', '2025-09-10 16:13:00', '2025-09-10 22:14:00', 'TX380-452088', 'ALIAS380', '0454266748814160700915', 'Titular Martínez', '30212539316', 'Banco Provincia', 'https://comprobantes.fake/380.pdf', 'Pago generado automáticamente', 'completado'),
(150, 13, 381, 15000.00, 'mercadopago', '2025-09-10 12:53:00', '2025-09-10 14:32:00', 'TX381-280891', 'ALIAS381', '0001767325216687587166', 'Titular Medina', '30825501886', 'BBVA', 'https://comprobantes.fake/381.pdf', 'Pago generado automáticamente', 'completado'),
(151, NULL, 383, 15000.00, 'mercadopago', '2025-10-01 14:52:00', '2025-10-01 18:05:00', 'TX383-4075', 'ALIAS383', '0197007892836823970972', 'Titular Vega', '30273039005', 'Banco Macro', 'https://comprobantes.fake/383.pdf', 'Pago generado automáticamente', 'completado'),
(152, 10, 384, 15000.00, 'transferencia', '2025-09-24 20:11:00', '2025-09-24 23:11:00', 'TX384-907690', 'ALIAS384', '0274294102819910340648', 'Titular Acosta', '30419117615', 'Banco Nación', 'https://comprobantes.fake/384.pdf', 'Pago generado automáticamente', 'completado'),
(153, 10, 389, 15000.00, 'transferencia', '2025-09-27 12:18:00', '2025-09-27 18:15:00', 'TX389-60245', 'ALIAS389', '0425882229978109000948', 'Titular Rojas', '30465732722', 'Banco Macro', 'https://comprobantes.fake/389.pdf', 'Pago generado automáticamente', 'completado'),
(154, 20, 395, 15000.00, 'efectivo', '2025-09-15 19:23:00', '2025-09-15 21:26:00', 'TX395-664308', NULL, NULL, 'Titular Alvarez', NULL, NULL, NULL, 'Pago generado automáticamente', 'completado'),
(155, 2, 403, 15000.00, 'mercadopago', '2025-09-30 20:20:00', '2025-10-01 01:38:00', 'TX403-336678', 'ALIAS403', '0071528698384322880347', 'Titular Martínez', '30523460340', 'Banco Macro', 'https://comprobantes.fake/403.pdf', 'Pago generado automáticamente', 'completado'),
(156, NULL, 404, 15000.00, 'efectivo', '2025-09-05 18:51:00', '2025-09-05 20:06:00', 'TX404-773627', NULL, NULL, 'Titular Sosa', NULL, NULL, NULL, 'Pago generado automáticamente', 'completado'),
(157, NULL, 409, 15000.00, 'mercadopago', '2025-09-25 18:05:00', '2025-09-25 23:21:00', 'TX409-229422', 'ALIAS409', '0750152046559520000062', 'Titular Martínez', '30062001274', 'Banco Nación', 'https://comprobantes.fake/409.pdf', 'Pago generado automáticamente', 'completado'),
(158, 8, 412, 15000.00, 'transferencia', '2025-09-26 15:17:00', '2025-09-26 18:41:00', 'TX412-445216', 'ALIAS412', '0580722217057572900567', 'Titular Sosa', '30097636155', 'BBVA', 'https://comprobantes.fake/412.pdf', 'Pago generado automáticamente', 'completado'),
(159, 15, 421, 15000.00, 'transferencia', '2025-09-11 21:07:00', '2025-09-11 22:30:00', 'TX421-952049', 'ALIAS421', '0566947095624121900978', 'Titular Alvarez', '30192095544', 'Banco Nación', 'https://comprobantes.fake/421.pdf', 'Pago generado automáticamente', 'completado'),
(160, 20, 428, 15000.00, 'transferencia', '2025-09-25 17:14:00', '2025-09-25 21:25:00', 'TX428-361483', 'ALIAS428', '0798366606047718400907', 'Titular Silva', '30141811610', 'Santander', 'https://comprobantes.fake/428.pdf', 'Pago generado automáticamente', 'completado'),
(161, 2, 429, 15000.00, 'transferencia', '2025-10-02 20:30:00', '2025-10-02 23:50:00', 'TX429-230393', 'ALIAS429', '0960959468000530700113', 'Titular Torres', '30685205557', 'Banco Nación', 'https://comprobantes.fake/429.pdf', 'Pago generado automáticamente', 'completado'),
(162, 11, 431, 15000.00, 'transferencia', '2025-09-29 21:02:00', '2025-09-30 02:13:00', 'TX431-554000', 'ALIAS431', '0165123828840557300163', 'Titular Ríos', '30322719626', 'Banco Nación', 'https://comprobantes.fake/431.pdf', 'Pago generado automáticamente', 'completado'),
(163, NULL, 432, 15000.00, 'transferencia', '2025-09-03 21:49:00', '2025-09-04 00:11:00', 'TX432-227007', 'ALIAS432', '0051618568647297630577', 'Titular Martínez', '30730499350', 'Santander', 'https://comprobantes.fake/432.pdf', 'Pago generado automáticamente', 'completado'),
(164, NULL, 451, 15000.00, 'transferencia', '2025-09-09 17:25:00', '2025-09-09 21:14:00', 'TX451-612749', 'ALIAS451', '0136742771730518690845', 'Titular Benítez', '30817098818', 'Banco Macro', 'https://comprobantes.fake/451.pdf', 'Pago generado automáticamente', 'completado'),
(165, 4, 453, 15000.00, 'efectivo', '2025-09-08 21:43:00', '2025-09-08 23:41:00', 'TX453-707865', NULL, NULL, 'Titular Mendoza', NULL, NULL, NULL, 'Pago generado automáticamente', 'completado'),
(166, NULL, 271, 17600.00, 'transferencia', '2025-09-16 15:04:00', '2025-09-16 17:08:00', 'TX271-797199', 'ALIAS271', '0316277547102680000189', 'Titular Domínguez', '30000107733', 'Banco Macro', 'https://comprobantes.fake/271.pdf', 'Pago generado automáticamente', 'completado'),
(167, 15, 289, 17600.00, 'efectivo', '2025-09-16 12:42:00', '2025-09-16 18:34:00', 'TX289-319666', NULL, NULL, 'Titular Díaz', NULL, NULL, NULL, 'Pago generado automáticamente', 'completado'),
(168, NULL, 294, 17600.00, 'transferencia', '2025-09-02 12:00:00', '2025-09-02 17:58:00', 'TX294-282800', 'ALIAS294', '0992573332965908000114', 'Titular Pérez', '30594605289', 'BBVA', 'https://comprobantes.fake/294.pdf', 'Pago generado automáticamente', 'completado'),
(169, 11, 301, 17600.00, 'transferencia', '2025-09-13 13:32:00', '2025-09-13 16:32:00', 'TX301-56706', 'ALIAS301', '0570452617081303700682', 'Titular Acosta', '30699354025', 'Banco Macro', 'https://comprobantes.fake/301.pdf', 'Pago generado automáticamente', 'completado'),
(170, 16, 308, 17600.00, 'efectivo', '2025-09-05 12:45:00', '2025-09-05 17:30:00', 'TX308-874413', NULL, NULL, 'Titular Mendoza', NULL, NULL, NULL, 'Pago generado automáticamente', 'completado'),
(171, NULL, 319, 17600.00, 'mercadopago', '2025-09-03 14:14:00', '2025-09-03 16:39:00', 'TX319-209182', 'ALIAS319', '0172796086569126800236', 'Titular Díaz', '30663782468', 'BBVA', 'https://comprobantes.fake/319.pdf', 'Pago generado automáticamente', 'completado'),
(172, NULL, 321, 17600.00, 'efectivo', '2025-09-06 16:51:00', '2025-09-06 19:24:00', 'TX321-152472', NULL, NULL, 'Titular Gutiérrez', NULL, NULL, NULL, 'Pago generado automáticamente', 'completado'),
(173, 1, 337, 17600.00, 'transferencia', '2025-09-08 20:25:00', '2025-09-09 00:37:00', 'TX337-40828', 'ALIAS337', '0170723929228935300731', 'Titular Silva', '30143498652', 'Banco Macro', 'https://comprobantes.fake/337.pdf', 'Pago generado automáticamente', 'completado'),
(174, 15, 343, 17600.00, 'efectivo', '2025-09-04 20:37:00', '2025-09-05 00:16:00', 'TX343-456126', NULL, NULL, 'Titular Acosta', NULL, NULL, NULL, 'Pago generado automáticamente', 'completado'),
(175, 17, 345, 17600.00, 'mercadopago', '2025-09-19 16:14:00', '2025-09-19 18:39:00', 'TX345-78737', 'ALIAS345', '0896819686421025300247', 'Titular Ortiz', '30548966144', 'Banco Nación', 'https://comprobantes.fake/345.pdf', 'Pago generado automáticamente', 'completado'),
(176, NULL, 364, 17600.00, 'transferencia', '2025-10-03 19:52:00', '2025-10-04 00:31:00', 'TX364-25493', 'ALIAS364', '0487701473280509440362', 'Titular Acosta', '30347029400', 'BBVA', 'https://comprobantes.fake/364.pdf', 'Pago generado automáticamente', 'completado'),
(177, 3, 399, 17600.00, 'efectivo', '2025-09-24 12:43:00', '2025-09-24 19:01:00', 'TX399-564929', NULL, NULL, 'Titular Vega', NULL, NULL, NULL, 'Pago generado automáticamente', 'completado'),
(178, NULL, 402, 17600.00, 'mercadopago', '2025-09-29 11:07:00', '2025-09-29 17:23:00', 'TX402-563157', 'ALIAS402', '0457192502410330300596', 'Titular Medina', '30610866977', 'Banco Provincia', 'https://comprobantes.fake/402.pdf', 'Pago generado automáticamente', 'completado'),
(179, NULL, 450, 17600.00, 'transferencia', '2025-09-06 12:29:00', '2025-09-06 17:22:00', 'TX450-234027', 'ALIAS450', '0634347437540392800469', 'Titular Gómez', '30445228383', 'Santander', 'https://comprobantes.fake/450.pdf', 'Pago generado automáticamente', 'completado'),
(180, NULL, 279, 23000.00, 'mercadopago', '2025-09-01 11:23:00', '2025-09-01 14:59:00', 'TX279-336349', 'ALIAS279', '0940795123521979000694', 'Titular Romero', '30652245726', 'Banco Nación', 'https://comprobantes.fake/279.pdf', 'Pago generado automáticamente', 'completado'),
(181, 7, 280, 23000.00, 'mercadopago', '2025-09-16 19:47:00', '2025-09-17 01:51:00', 'TX280-278030', 'ALIAS280', '0246548653809864670398', 'Titular Medina', '30253609686', 'Banco Nación', 'https://comprobantes.fake/280.pdf', 'Pago generado automáticamente', 'completado'),
(182, 10, 302, 23000.00, 'transferencia', '2025-09-16 16:20:00', '2025-09-16 17:56:00', 'TX302-208135', 'ALIAS302', '0708293861437862700917', 'Titular Ríos', '30460425570', 'Banco Macro', 'https://comprobantes.fake/302.pdf', 'Pago generado automáticamente', 'completado'),
(183, 5, 327, 23000.00, 'transferencia', '2025-09-27 12:23:00', '2025-09-27 19:03:00', 'TX327-114651', 'ALIAS327', '0718590233212886700248', 'Titular Ramírez', '30089211580', 'BBVA', 'https://comprobantes.fake/327.pdf', 'Pago generado automáticamente', 'completado'),
(184, NULL, 348, 23000.00, 'efectivo', '2025-09-05 17:37:00', '2025-09-05 23:05:00', 'TX348-493753', NULL, NULL, 'Titular Ortiz', NULL, NULL, NULL, 'Pago generado automáticamente', 'completado'),
(185, 5, 355, 23000.00, 'transferencia', '2025-09-22 14:01:00', '2025-09-22 16:34:00', 'TX355-440610', 'ALIAS355', '0019294655899791660774', 'Titular Acosta', '30815325442', 'BBVA', 'https://comprobantes.fake/355.pdf', 'Pago generado automáticamente', 'completado'),
(186, 20, 356, 23000.00, 'efectivo', '2025-09-05 14:29:00', '2025-09-05 19:46:00', 'TX356-487213', NULL, NULL, 'Titular Suárez', NULL, NULL, NULL, 'Pago generado automáticamente', 'completado'),
(187, 4, 365, 23000.00, 'transferencia', '2025-09-22 11:55:00', '2025-09-22 15:40:00', 'TX365-407508', 'ALIAS365', '0535720885298886300456', 'Titular Romero', '30673239350', 'Santander', 'https://comprobantes.fake/365.pdf', 'Pago generado automáticamente', 'completado'),
(188, 12, 374, 23000.00, 'mercadopago', '2025-09-16 19:04:00', '2025-09-16 21:29:00', 'TX374-290629', 'ALIAS374', '0337188383878384100814', 'Titular Suárez', '30058708460', 'Santander', 'https://comprobantes.fake/374.pdf', 'Pago generado automáticamente', 'completado'),
(189, 14, 388, 23000.00, 'efectivo', '2025-09-04 21:47:00', '2025-09-04 22:46:00', 'TX388-481769', NULL, NULL, 'Titular Peralta', NULL, NULL, NULL, 'Pago generado automáticamente', 'completado'),
(190, 4, 390, 23000.00, 'transferencia', '2025-09-25 17:20:00', '2025-09-25 19:22:00', 'TX390-825904', 'ALIAS390', '0280923526064421570926', 'Titular Ibarra', '30791748909', 'Banco Nación', 'https://comprobantes.fake/390.pdf', 'Pago generado automáticamente', 'completado'),
(191, NULL, 394, 23000.00, 'transferencia', '2025-10-01 10:52:00', '2025-10-01 16:52:00', 'TX394-167021', 'ALIAS394', '0862012836022314500808', 'Titular Martínez', '30458957001', 'Santander', 'https://comprobantes.fake/394.pdf', 'Pago generado automáticamente', 'completado'),
(192, 9, 396, 23000.00, 'mercadopago', '2025-09-22 14:52:00', '2025-09-22 18:20:00', 'TX396-122449', 'ALIAS396', '0166220374560188830463', 'Titular Alvarez', '30820109925', 'BBVA', 'https://comprobantes.fake/396.pdf', 'Pago generado automáticamente', 'completado'),
(193, 14, 414, 23000.00, 'efectivo', '2025-09-15 16:39:00', '2025-09-15 20:16:00', 'TX414-367076', NULL, NULL, 'Titular Romero', NULL, NULL, NULL, 'Pago generado automáticamente', 'completado'),
(194, 20, 417, 23000.00, 'efectivo', '2025-09-18 19:10:00', '2025-09-18 23:31:00', 'TX417-347782', NULL, NULL, 'Titular Ríos', NULL, NULL, NULL, 'Pago generado automáticamente', 'completado'),
(195, 9, 434, 23000.00, 'mercadopago', '2025-09-20 16:34:00', '2025-09-20 20:13:00', 'TX434-518550', 'ALIAS434', '0486424121527396300876', 'Titular Ruiz', '30923069560', 'Santander', 'https://comprobantes.fake/434.pdf', 'Pago generado automáticamente', 'completado'),
(196, 6, 447, 23000.00, 'efectivo', '2025-09-06 19:32:00', '2025-09-06 23:28:00', 'TX447-175742', NULL, NULL, 'Titular Herrera', NULL, NULL, NULL, 'Pago generado automáticamente', 'completado'),
(197, 13, 454, 23000.00, 'mercadopago', '2025-09-02 20:56:00', '2025-09-03 02:51:00', 'TX454-245727', 'ALIAS454', '0711781085200404000821', 'Titular Romero', '30973275844', 'Banco Macro', 'https://comprobantes.fake/454.pdf', 'Pago generado automáticamente', 'completado'),
(198, 14, 286, 25000.00, 'efectivo', '2025-09-19 13:55:00', '2025-09-19 20:15:00', 'TX286-710383', NULL, NULL, 'Titular Mendoza', NULL, NULL, NULL, 'Pago generado automáticamente', 'completado'),
(199, NULL, 296, 25000.00, 'efectivo', '2025-09-16 12:25:00', '2025-09-16 17:11:00', 'TX296-633956', NULL, NULL, 'Titular Benítez', NULL, NULL, NULL, 'Pago generado automáticamente', 'completado'),
(200, 13, 307, 25000.00, 'mercadopago', '2025-09-29 16:32:00', '2025-09-29 18:38:00', 'TX307-834374', 'ALIAS307', '0500781399664265500000', 'Titular Medina', '30501569533', 'Banco Macro', 'https://comprobantes.fake/307.pdf', 'Pago generado automáticamente', 'completado'),
(201, 12, 317, 25000.00, 'efectivo', '2025-09-18 11:47:00', '2025-09-18 17:10:00', 'TX317-801972', NULL, NULL, 'Titular Sosa', NULL, NULL, NULL, 'Pago generado automáticamente', 'completado'),
(202, 6, 318, 25000.00, 'efectivo', '2025-09-30 16:59:00', '2025-09-30 20:51:00', 'TX318-17182', NULL, NULL, 'Titular López', NULL, NULL, NULL, 'Pago generado automáticamente', 'completado'),
(203, 14, 336, 25000.00, 'transferencia', '2025-09-10 13:01:00', '2025-09-10 15:15:00', 'TX336-988379', 'ALIAS336', '0181003964674662750939', 'Titular Ríos', '30156393875', 'Santander', 'https://comprobantes.fake/336.pdf', 'Pago generado automáticamente', 'completado'),
(204, 10, 351, 25000.00, 'transferencia', '2025-09-05 21:58:00', '2025-09-05 23:23:00', 'TX351-19068', 'ALIAS351', '0798429528994885800934', 'Titular Herrera', '30279415546', 'Banco Macro', 'https://comprobantes.fake/351.pdf', 'Pago generado automáticamente', 'completado'),
(205, NULL, 375, 25000.00, 'efectivo', '2025-10-01 20:45:00', '2025-10-02 01:02:00', 'TX375-598990', NULL, NULL, 'Titular Ramírez', NULL, NULL, NULL, 'Pago generado automáticamente', 'completado'),
(206, NULL, 401, 25000.00, 'transferencia', '2025-09-29 19:52:00', '2025-09-29 22:38:00', 'TX401-546397', 'ALIAS401', '0878907550944860700755', 'Titular Cabrera', '30140006860', 'Banco Macro', 'https://comprobantes.fake/401.pdf', 'Pago generado automáticamente', 'completado'),
(207, 1, 413, 25000.00, 'mercadopago', '2025-09-24 16:35:00', '2025-09-24 22:42:00', 'TX413-602676', 'ALIAS413', '0045693652746913630420', 'Titular Romero', '30965115626', 'Banco Macro', 'https://comprobantes.fake/413.pdf', 'Pago generado automáticamente', 'completado'),
(208, 14, 416, 25000.00, 'mercadopago', '2025-10-03 19:48:00', '2025-10-04 00:07:00', 'TX416-724484', 'ALIAS416', '0901147656981970700332', 'Titular Márquez', '30957983397', 'BBVA', 'https://comprobantes.fake/416.pdf', 'Pago generado automáticamente', 'completado'),
(209, 19, 425, 25000.00, 'efectivo', '2025-09-23 17:43:00', '2025-09-23 21:27:00', 'TX425-336773', NULL, NULL, 'Titular Domínguez', NULL, NULL, NULL, 'Pago generado automáticamente', 'completado'),
(210, 7, 436, 25000.00, 'mercadopago', '2025-09-26 12:31:00', '2025-09-26 16:22:00', 'TX436-133370', 'ALIAS436', '0318450890778052500192', 'Titular Pérez', '30005368299', 'Banco Macro', 'https://comprobantes.fake/436.pdf', 'Pago generado automáticamente', 'completado'),
(211, 12, 438, 25000.00, 'efectivo', '2025-09-23 19:14:00', '2025-09-23 21:59:00', 'TX438-687304', NULL, NULL, 'Titular Gutiérrez', NULL, NULL, NULL, 'Pago generado automáticamente', 'completado'),
(212, NULL, 439, 25000.00, 'transferencia', '2025-09-10 19:56:00', '2025-09-10 23:23:00', 'TX439-359949', 'ALIAS439', '0567979896970074560760', 'Titular López', '30096320758', 'Banco Provincia', 'https://comprobantes.fake/439.pdf', 'Pago generado automáticamente', 'completado'),
(213, NULL, 441, 25000.00, 'mercadopago', '2025-09-29 19:42:00', '2025-09-29 23:22:00', 'TX441-940644', 'ALIAS441', '0362173504533407740988', 'Titular López', '30858145065', 'Banco Provincia', 'https://comprobantes.fake/441.pdf', 'Pago generado automáticamente', 'completado'),
(214, 5, 444, 25000.00, 'efectivo', '2025-09-09 13:30:00', '2025-09-09 16:47:00', 'TX444-914406', NULL, NULL, 'Titular Ramírez', NULL, NULL, NULL, 'Pago generado automáticamente', 'completado'),
(215, NULL, 263, 177000.00, 'efectivo', '2025-09-05 17:09:00', '2025-09-05 21:08:00', 'TX263-252975', NULL, NULL, 'Titular Ramírez', NULL, NULL, NULL, 'Pago generado automáticamente', 'completado'),
(216, 9, 267, 177000.00, 'transferencia', '2025-10-02 12:56:00', '2025-10-02 17:30:00', 'TX267-895254', 'ALIAS267', '0027017096082695852449', 'Titular Rojas', '30165551574', 'Banco Macro', 'https://comprobantes.fake/267.pdf', 'Pago generado automáticamente', 'completado'),
(217, 2, 290, 177000.00, 'mercadopago', '2025-10-01 17:13:00', '2025-10-01 23:07:00', 'TX290-54451', 'ALIAS290', '0309551069801255200384', 'Titular Cortes', '30993344862', 'Santander', 'https://comprobantes.fake/290.pdf', 'Pago generado automáticamente', 'completado'),
(218, 20, 311, 177000.00, 'efectivo', '2025-09-17 12:29:00', '2025-09-17 15:53:00', 'TX311-628654', NULL, NULL, 'Titular Medina', NULL, NULL, NULL, 'Pago generado automáticamente', 'completado'),
(219, 11, 320, 177000.00, 'mercadopago', '2025-09-26 20:08:00', '2025-09-27 00:40:00', 'TX320-452286', 'ALIAS320', '0006558018742648902675', 'Titular Mendoza', '30359978049', 'BBVA', 'https://comprobantes.fake/320.pdf', 'Pago generado automáticamente', 'completado'),
(220, 19, 322, 177000.00, 'mercadopago', '2025-09-16 20:00:00', '2025-09-17 00:06:00', 'TX322-194764', 'ALIAS322', '0201247442701130600421', 'Titular Ruiz', '30505982253', 'Banco Provincia', 'https://comprobantes.fake/322.pdf', 'Pago generado automáticamente', 'completado'),
(221, 14, 326, 177000.00, 'mercadopago', '2025-09-17 20:24:00', '2025-09-18 02:01:00', 'TX326-802377', 'ALIAS326', '0934548786780376700265', 'Titular Silva', '30524413488', 'Santander', 'https://comprobantes.fake/326.pdf', 'Pago generado automáticamente', 'completado'),
(222, NULL, 332, 177000.00, 'transferencia', '2025-09-13 12:07:00', '2025-09-13 17:53:00', 'TX332-61876', 'ALIAS332', '0952250033572549000575', 'Titular Ibarra', '30021352848', 'Banco Provincia', 'https://comprobantes.fake/332.pdf', 'Pago generado automáticamente', 'completado');
INSERT INTO `pagos` (`id`, `grupo_turnos_id`, `turno_id`, `monto`, `metodo_pago`, `fecha_pago`, `updated_at`, `transaccion_id`, `alias_cbu`, `cbu`, `titular_cuenta`, `cuit_cuenta`, `banco`, `comprobante_url`, `notas`, `estado`) VALUES
(223, 3, 344, 177000.00, 'mercadopago', '2025-09-08 14:21:00', '2025-09-08 20:28:00', 'TX344-294574', 'ALIAS344', '0428513401587040500258', 'Titular Silva', '30008681188', 'Banco Provincia', 'https://comprobantes.fake/344.pdf', 'Pago generado automáticamente', 'completado'),
(224, 9, 349, 177000.00, 'efectivo', '2025-09-10 21:43:00', '2025-09-11 02:07:00', 'TX349-676985', NULL, NULL, 'Titular Mendoza', NULL, NULL, NULL, 'Pago generado automáticamente', 'completado'),
(225, NULL, 419, 177000.00, 'transferencia', '2025-09-25 19:36:00', '2025-09-26 01:28:00', 'TX419-298589', 'ALIAS419', '0698829997050417500598', 'Titular Peralta', '30895413890', 'BBVA', 'https://comprobantes.fake/419.pdf', 'Pago generado automáticamente', 'completado'),
(226, 2, 420, 177000.00, 'mercadopago', '2025-10-01 15:12:00', '2025-10-01 19:44:00', 'TX420-715258', 'ALIAS420', '0518995870388109100449', 'Titular Ríos', '30689032750', 'Banco Nación', 'https://comprobantes.fake/420.pdf', 'Pago generado automáticamente', 'completado'),
(227, NULL, 445, 177000.00, 'transferencia', '2025-09-09 17:55:00', '2025-09-09 22:09:00', 'TX445-524268', 'ALIAS445', '0247622769556588260665', 'Titular Medina', '30583672957', 'Santander', 'https://comprobantes.fake/445.pdf', 'Pago generado automáticamente', 'completado'),
(228, 19, 446, 177000.00, 'mercadopago', '2025-09-27 17:51:00', '2025-09-27 20:11:00', 'TX446-931201', 'ALIAS446', '0327830408073803840845', 'Titular López', '30244242473', 'BBVA', 'https://comprobantes.fake/446.pdf', 'Pago generado automáticamente', 'completado'),
(229, 18, 448, 177000.00, 'mercadopago', '2025-09-09 20:26:00', '2025-09-10 02:24:00', 'TX448-380928', 'ALIAS448', '0161571435780796640665', 'Titular Rojas', '30840649007', 'Banco Provincia', 'https://comprobantes.fake/448.pdf', 'Pago generado automáticamente', 'completado'),
(230, 19, 283, 12000.00, 'transferencia', '2025-09-03 14:09:00', '2025-09-03 15:52:00', 'TX283-498119', 'ALIAS283', '0651377335797415400762', 'Titular Rojas', '30858503232', 'Banco Nación', 'https://comprobantes.fake/283.pdf', 'Pago generado automáticamente', 'completado'),
(231, 11, 295, 12000.00, 'transferencia', '2025-09-17 11:56:00', '2025-09-17 17:58:00', 'TX295-345025', 'ALIAS295', '0302269802710292700476', 'Titular Ortiz', '30474555723', 'Santander', 'https://comprobantes.fake/295.pdf', 'Pago generado automáticamente', 'completado'),
(232, NULL, 297, 12000.00, 'efectivo', '2025-09-02 16:11:00', '2025-09-02 19:10:00', 'TX297-831094', NULL, NULL, 'Titular Romero', NULL, NULL, NULL, 'Pago generado automáticamente', 'completado'),
(233, 11, 303, 12000.00, 'transferencia', '2025-09-08 15:46:00', '2025-09-08 20:22:00', 'TX303-82418', 'ALIAS303', '0502432559153467970264', 'Titular Mendoza', '30817238544', 'Banco Provincia', 'https://comprobantes.fake/303.pdf', 'Pago generado automáticamente', 'completado'),
(234, 6, 310, 12000.00, 'efectivo', '2025-09-29 11:42:00', '2025-09-29 17:45:00', 'TX310-298673', NULL, NULL, 'Titular Romero', NULL, NULL, NULL, 'Pago generado automáticamente', 'completado'),
(235, 20, 361, 12000.00, 'mercadopago', '2025-09-09 10:48:00', '2025-09-09 15:23:00', 'TX361-557254', 'ALIAS361', '0370533245960747140180', 'Titular Ortiz', '30792914328', 'Banco Macro', 'https://comprobantes.fake/361.pdf', 'Pago generado automáticamente', 'completado'),
(236, NULL, 373, 12000.00, 'mercadopago', '2025-09-29 12:09:00', '2025-09-29 17:28:00', 'TX373-561490', 'ALIAS373', '0573461158735175800182', 'Titular Alvarez', '30193784070', 'Banco Macro', 'https://comprobantes.fake/373.pdf', 'Pago generado automáticamente', 'completado'),
(237, 16, 391, 12000.00, 'transferencia', '2025-09-15 15:01:00', '2025-09-15 18:06:00', 'TX391-723271', 'ALIAS391', '0165938700703846940659', 'Titular Díaz', '30801574125', 'Banco Nación', 'https://comprobantes.fake/391.pdf', 'Pago generado automáticamente', 'completado'),
(238, 12, 393, 12000.00, 'mercadopago', '2025-09-18 13:17:00', '2025-09-18 18:06:00', 'TX393-100123', 'ALIAS393', '0164876260948252160524', 'Titular Alvarez', '30125429608', 'Banco Nación', 'https://comprobantes.fake/393.pdf', 'Pago generado automáticamente', 'completado'),
(239, 13, 400, 12000.00, 'mercadopago', '2025-09-09 17:44:00', '2025-09-10 00:04:00', 'TX400-793804', 'ALIAS400', '0096863838934212770102', 'Titular Márquez', '30223930741', 'Santander', 'https://comprobantes.fake/400.pdf', 'Pago generado automáticamente', 'completado'),
(240, NULL, 407, 12000.00, 'transferencia', '2025-09-03 17:56:00', '2025-09-03 21:02:00', 'TX407-854367', 'ALIAS407', '0492105911944160100897', 'Titular Alvarez', '30010820694', 'Banco Provincia', 'https://comprobantes.fake/407.pdf', 'Pago generado automáticamente', 'completado'),
(241, NULL, 423, 12000.00, 'mercadopago', '2025-09-25 13:23:00', '2025-09-25 17:08:00', 'TX423-900675', 'ALIAS423', '0527038465744851600933', 'Titular Vega', '30084720347', 'BBVA', 'https://comprobantes.fake/423.pdf', 'Pago generado automáticamente', 'completado'),
(242, 14, 427, 12000.00, 'mercadopago', '2025-09-05 16:22:00', '2025-09-05 21:17:00', 'TX427-111743', 'ALIAS427', '0464745829314688060988', 'Titular Ríos', '30548260237', 'BBVA', 'https://comprobantes.fake/427.pdf', 'Pago generado automáticamente', 'completado'),
(243, NULL, 430, 12000.00, 'efectivo', '2025-09-30 15:46:00', '2025-09-30 18:48:00', 'TX430-49100', NULL, NULL, 'Titular Fernández', NULL, NULL, NULL, 'Pago generado automáticamente', 'completado'),
(244, 10, 433, 12000.00, 'efectivo', '2025-09-24 19:10:00', '2025-09-24 20:52:00', 'TX433-493875', NULL, NULL, 'Titular Romero', NULL, NULL, NULL, 'Pago generado automáticamente', 'completado'),
(245, 1, 435, 12000.00, 'mercadopago', '2025-09-22 22:15:00', '2025-09-23 00:17:00', 'TX435-854370', 'ALIAS435', '0306233370030516160968', 'Titular Fernández', '30921570331', 'BBVA', 'https://comprobantes.fake/435.pdf', 'Pago generado automáticamente', 'completado'),
(300, NULL, 475, 28000.00, 'efectivo', '2025-10-30 10:55:00', '2025-10-30 17:49:00', 'TX475-261959', 'alias.peralta.cbank', '0007664236815333587000', 'Camila Peralta', '2024098798', 'BBVA', 'https://comprobantes/475.pdf', 'Pago generado automáticamente', 'completado'),
(301, NULL, 482, 28000.00, 'mercadopago', '2025-10-31 12:24:00', '2025-10-31 16:21:00', 'TX482-619289', NULL, '0002983328879795343400', NULL, NULL, NULL, 'https://comprobantes/482.pdf', 'Pago generado automáticamente', 'completado'),
(302, NULL, 485, 28000.00, 'mercadopago', '2025-11-01 12:01:00', '2025-11-01 15:04:00', 'TX485-523611', NULL, '0009032101052843129000', NULL, NULL, NULL, 'https://comprobantes/485.pdf', 'Pago generado automáticamente', 'completado'),
(303, 155, 488, 28000.00, 'efectivo', '2025-11-01 12:23:00', '2025-11-01 16:32:00', 'TX488-831917', 'alias.altamirano.cbank', '0008148091154310937000', NULL, NULL, NULL, 'https://comprobantes/488.pdf', 'Pago generado automáticamente', 'completado'),
(304, 45, 491, 28000.00, 'transferencia', '2025-11-02 12:35:00', '2025-11-02 15:48:00', 'TX491-742527', 'alias.peralta.cbank', '0008322253179105235000', 'Camila Peralta', '2052978235', NULL, 'https://comprobantes/491.pdf', 'Pago generado automáticamente', 'completado'),
(305, 118, 497, 28000.00, 'mercadopago', '2025-11-03 12:03:00', '2025-11-03 16:04:00', 'TX497-696393', NULL, '0000737877190800269300', NULL, NULL, NULL, NULL, 'Pago generado automáticamente', 'completado'),
(306, 56, 500, 28000.00, 'efectivo', '2025-11-04 10:05:00', '2025-11-04 16:03:00', 'TX500-79158', 'alias.mendez.cbank', NULL, NULL, NULL, 'Macro', NULL, 'Pago generado automáticamente', 'completado'),
(307, 156, 508, 28000.00, 'mercadopago', '2025-11-05 12:24:00', '2025-11-05 18:28:00', 'TX508-248367', 'alias.altamirano.cbank', '0002045885168058690600', NULL, NULL, 'Macro', 'https://comprobantes/508.pdf', 'Pago generado automáticamente', 'completado'),
(308, 47, 516, 28000.00, 'transferencia', '2025-11-06 12:13:00', '2025-11-06 15:21:00', 'TX516-631297', NULL, NULL, 'Camila Peralta', '2027891253', NULL, NULL, 'Pago generado automáticamente', 'completado'),
(309, 157, 521, 28000.00, 'mercadopago', '2025-11-06 14:20:00', '2025-11-06 20:27:00', 'TX521-342261', NULL, NULL, NULL, '2070188240', 'BBVA', NULL, 'Pago generado automáticamente', 'completado'),
(310, 173, 523, 28000.00, 'mercadopago', '2025-11-06 14:16:00', '2025-11-06 20:59:00', 'TX523-40766', 'alias.lopez.cbank', NULL, NULL, NULL, 'Macro', NULL, 'Pago generado automáticamente', 'completado'),
(311, 158, 533, 28000.00, 'transferencia', '2025-11-07 16:21:00', '2025-11-07 20:31:00', 'TX533-944844', 'alias.altamirano.cbank', '0008399429887905186000', NULL, NULL, NULL, 'https://comprobantes/533.pdf', 'Pago generado automáticamente', 'completado'),
(312, 48, 536, 28000.00, 'efectivo', '2025-11-08 10:44:00', '2025-11-08 14:26:00', 'TX536-264330', NULL, NULL, NULL, NULL, 'Santander', 'https://comprobantes/536.pdf', 'Pago generado automáticamente', 'completado'),
(313, 159, 543, 28000.00, 'transferencia', '2025-11-08 14:25:00', '2025-11-08 17:58:00', 'TX543-93299', NULL, NULL, NULL, NULL, 'BBVA', 'https://comprobantes/543.pdf', 'Pago generado automáticamente', 'completado'),
(314, 75, 548, 28000.00, 'transferencia', '2025-11-09 11:53:00', '2025-11-09 15:52:00', 'TX548-617023', 'alias.vega.cbank', NULL, NULL, NULL, NULL, NULL, 'Pago generado automáticamente', 'completado'),
(315, 160, 553, 28000.00, 'mercadopago', '2025-11-09 15:02:00', '2025-11-09 17:54:00', 'TX553-268769', NULL, '0008146757761153167000', NULL, NULL, NULL, NULL, 'Pago generado automáticamente', 'completado'),
(316, 50, 556, 28000.00, 'efectivo', '2025-11-13 11:28:00', '2025-11-13 15:27:00', 'TX556-653634', NULL, NULL, NULL, NULL, NULL, NULL, 'Pago generado automáticamente', 'completado'),
(317, 161, 562, 28000.00, 'transferencia', '2025-11-13 14:33:00', '2025-11-13 17:53:00', 'TX562-825811', 'alias.altamirano.cbank', NULL, NULL, NULL, NULL, 'https://comprobantes/562.pdf', 'Pago generado automáticamente', 'completado'),
(318, 76, 568, 28000.00, 'transferencia', '2025-11-14 13:21:00', '2025-11-14 16:36:00', 'TX568-778275', NULL, NULL, NULL, '2001020015', NULL, NULL, 'Pago generado automáticamente', 'completado'),
(319, 162, 573, 28000.00, 'mercadopago', '2025-11-14 14:42:00', '2025-11-14 21:11:00', 'TX573-780825', NULL, NULL, NULL, NULL, NULL, 'https://comprobantes/573.pdf', 'Pago generado automáticamente', 'completado'),
(320, 163, 583, 28000.00, 'efectivo', '2025-11-15 15:39:00', '2025-11-15 21:06:00', 'TX583-507286', NULL, '0007438379067404549000', NULL, '2081030384', NULL, 'https://comprobantes/583.pdf', 'Pago generado automáticamente', 'completado'),
(321, 52, 586, 28000.00, 'mercadopago', '2025-11-16 11:21:00', '2025-11-16 15:55:00', 'TX586-376686', 'alias.peralta.cbank', NULL, NULL, '2058781253', NULL, 'https://comprobantes/586.pdf', 'Pago generado automáticamente', 'completado'),
(322, 164, 592, 28000.00, 'transferencia', '2025-11-16 14:58:00', '2025-11-16 18:57:00', 'TX592-682954', NULL, NULL, 'Ricardo Altamirano', NULL, NULL, 'https://comprobantes/592.pdf', 'Pago generado automáticamente', 'completado'),
(323, 177, 599, 28000.00, 'transferencia', '2025-11-17 12:55:00', '2025-11-17 15:53:00', 'TX599-392021', 'alias.lopez.cbank', NULL, NULL, NULL, NULL, 'https://comprobantes/599.pdf', 'Pago generado automáticamente', 'completado'),
(324, 165, 601, 28000.00, 'transferencia', '2025-11-17 15:25:00', '2025-11-17 16:37:00', 'TX601-254605', NULL, NULL, NULL, NULL, NULL, 'https://comprobantes/601.pdf', 'Pago generado automáticamente', 'completado'),
(325, 53, 606, 28000.00, 'transferencia', '2025-11-19 10:54:00', '2025-11-19 14:20:00', 'TX606-934685', 'alias.peralta.cbank', NULL, NULL, NULL, NULL, 'https://comprobantes/606.pdf', 'Pago generado automáticamente', 'completado'),
(326, 166, 612, 28000.00, 'transferencia', '2025-11-19 15:05:00', '2025-11-19 18:27:00', 'TX612-908111', 'alias.altamirano.cbank', '0001439812464117829000', NULL, NULL, NULL, 'https://comprobantes/612.pdf', 'Pago generado automáticamente', 'completado'),
(327, 79, 618, 28000.00, 'mercadopago', '2025-11-20 11:40:00', '2025-11-20 17:52:00', 'TX618-379903', NULL, '0006403087122741237000', 'Hernan Vega', '2096730660', 'Banco Nación', NULL, 'Pago generado automáticamente', 'completado'),
(328, 167, 623, 28000.00, 'efectivo', '2025-11-20 14:46:00', '2025-11-20 19:48:00', 'TX623-970243', NULL, NULL, NULL, NULL, NULL, NULL, 'Pago generado automáticamente', 'completado'),
(329, 168, 633, 28000.00, 'efectivo', '2025-11-21 14:00:00', '2025-11-21 17:36:00', 'TX633-109340', 'alias.altamirano.cbank', NULL, NULL, '2096749454', 'Banco Nación', 'https://comprobantes/633.pdf', 'Pago generado automáticamente', 'completado'),
(330, 55, 636, 28000.00, 'mercadopago', '2025-11-22 11:42:00', '2025-11-22 14:05:00', 'TX636-657575', NULL, NULL, NULL, '2084835857', 'Banco Nación', 'https://comprobantes/636.pdf', 'Pago generado automáticamente', 'completado'),
(331, 169, 642, 28000.00, 'efectivo', '2025-11-22 14:50:00', '2025-11-22 18:24:00', 'TX642-155972', NULL, NULL, 'Ricardo Altamirano', NULL, NULL, 'https://comprobantes/642.pdf', 'Pago generado automáticamente', 'completado'),
(332, NULL, 473, 25000.00, 'transferencia', '2025-10-30 10:37:00', '2025-10-30 16:16:00', 'TX473-739068', NULL, NULL, NULL, '2056568727', 'Banco Nación', NULL, 'Pago generado automáticamente', 'completado'),
(333, NULL, 481, 25000.00, 'efectivo', '2025-10-31 12:59:00', '2025-10-31 16:09:00', 'TX481-692480', NULL, NULL, 'Claudia Medina', NULL, NULL, 'https://comprobantes/481.pdf', 'Pago generado automáticamente', 'completado'),
(334, NULL, 483, 25000.00, 'efectivo', '2025-11-01 10:21:00', '2025-11-01 15:41:00', 'TX483-321583', 'alias.ruiz.cbank', NULL, NULL, NULL, 'Banco Nación', 'https://comprobantes/483.pdf', 'Pago generado automáticamente', 'completado'),
(335, NULL, 486, 25000.00, 'mercadopago', '2025-11-01 13:02:00', '2025-11-01 18:00:00', 'TX486-936765', NULL, '0001261839439404979000', NULL, NULL, NULL, NULL, 'Pago generado automáticamente', 'completado'),
(336, 116, 496, 25000.00, 'mercadopago', '2025-11-03 12:23:00', '2025-11-03 14:12:00', 'TX496-994616', NULL, NULL, NULL, NULL, NULL, NULL, 'Pago generado automáticamente', 'completado'),
(337, 117, 504, 25000.00, 'mercadopago', '2025-11-05 11:07:00', '2025-11-05 15:14:00', 'TX504-848560', 'alias.barrios.cbank', NULL, 'Luciana Barrios', '2050507065', NULL, 'https://comprobantes/504.pdf', 'Pago generado automáticamente', 'completado'),
(338, 46, 509, 25000.00, 'efectivo', '2025-11-05 13:33:00', '2025-11-05 18:36:00', 'TX509-32408', NULL, NULL, NULL, NULL, NULL, 'https://comprobantes/509.pdf', 'Pago generado automáticamente', 'completado'),
(339, 97, 514, 25000.00, 'transferencia', '2025-11-06 11:05:00', '2025-11-06 14:23:00', 'TX514-840911', NULL, NULL, NULL, '2041166007', NULL, 'https://comprobantes/514.pdf', 'Pago generado automáticamente', 'completado'),
(340, 182, 518, 25000.00, 'transferencia', '2025-11-06 12:16:00', '2025-11-06 18:25:00', 'TX518-349048', NULL, NULL, 'Tamara Ruiz', '2045581642', NULL, 'https://comprobantes/518.pdf', 'Pago generado automáticamente', 'completado'),
(341, 66, 522, 25000.00, 'efectivo', '2025-11-06 14:14:00', '2025-11-06 19:02:00', 'TX522-661789', NULL, NULL, NULL, NULL, 'Santander', 'https://comprobantes/522.pdf', 'Pago generado automáticamente', 'completado'),
(342, 183, 528, 25000.00, 'transferencia', '2025-11-07 12:40:00', '2025-11-07 18:52:00', 'TX528-428164', NULL, NULL, NULL, NULL, 'Banco Nación', 'https://comprobantes/528.pdf', 'Pago generado automáticamente', 'completado'),
(343, 106, 531, 25000.00, 'efectivo', '2025-11-07 14:02:00', '2025-11-07 18:30:00', 'TX531-277269', NULL, '0000980551402066416500', NULL, NULL, 'Galicia', NULL, 'Pago generado automáticamente', 'completado'),
(344, 98, 534, 25000.00, 'efectivo', '2025-11-08 11:16:00', '2025-11-08 15:12:00', 'TX534-629784', 'alias.benitez.cbank', '0002816169758156100000', NULL, NULL, 'Macro', NULL, 'Pago generado automáticamente', 'completado'),
(345, 67, 539, 25000.00, 'transferencia', '2025-11-08 13:41:00', '2025-11-08 16:07:00', 'TX539-751089', NULL, NULL, NULL, '2093131909', 'Galicia', NULL, 'Pago generado automáticamente', 'completado'),
(346, 184, 547, 25000.00, 'transferencia', '2025-11-09 11:27:00', '2025-11-09 16:28:00', 'TX547-918797', NULL, NULL, NULL, '2089722844', NULL, 'https://comprobantes/547.pdf', 'Pago generado automáticamente', 'completado'),
(347, 49, 552, 25000.00, 'transferencia', '2025-11-09 14:13:00', '2025-11-09 17:34:00', 'TX552-845641', NULL, '0008149220103536937000', NULL, NULL, 'Galicia', NULL, 'Pago generado automáticamente', 'completado'),
(348, 100, 554, 25000.00, 'mercadopago', '2025-11-13 10:17:00', '2025-11-13 16:20:00', 'TX554-241960', NULL, NULL, NULL, NULL, 'Galicia', 'https://comprobantes/554.pdf', 'Pago generado automáticamente', 'completado'),
(349, 68, 563, 25000.00, 'efectivo', '2025-11-13 16:28:00', '2025-11-13 20:18:00', 'TX563-540867', 'alias.medina.cbank', '0009431906612060877000', NULL, '2085184157', 'Banco Nación', 'https://comprobantes/563.pdf', 'Pago generado automáticamente', 'completado'),
(350, 185, 567, 25000.00, 'efectivo', '2025-11-14 11:38:00', '2025-11-14 16:28:00', 'TX567-709439', NULL, NULL, NULL, NULL, 'BBVA', NULL, 'Pago generado automáticamente', 'completado'),
(351, 51, 572, 25000.00, 'efectivo', '2025-11-14 15:38:00', '2025-11-14 20:36:00', 'TX572-929459', NULL, NULL, NULL, NULL, NULL, 'https://comprobantes/572.pdf', 'Pago generado automáticamente', 'completado'),
(352, 186, 578, 25000.00, 'transferencia', '2025-11-15 12:05:00', '2025-11-15 18:44:00', 'TX578-973195', NULL, '0007113960857609251000', 'Tamara Ruiz', NULL, 'BBVA', NULL, 'Pago generado automáticamente', 'completado'),
(353, 107, 581, 25000.00, 'transferencia', '2025-11-15 13:49:00', '2025-11-15 19:32:00', 'TX581-817366', NULL, '0005233549527110113000', NULL, NULL, NULL, 'https://comprobantes/581.pdf', 'Pago generado automáticamente', 'completado'),
(354, 102, 584, 25000.00, 'transferencia', '2025-11-16 11:34:00', '2025-11-16 14:51:00', 'TX584-826496', NULL, NULL, NULL, NULL, NULL, 'https://comprobantes/584.pdf', 'Pago generado automáticamente', 'completado'),
(355, 69, 593, 25000.00, 'transferencia', '2025-11-16 16:16:00', '2025-11-16 21:16:00', 'TX593-992290', NULL, '0008987781153049116000', 'Claudia Medina', NULL, NULL, 'https://comprobantes/593.pdf', 'Pago generado automáticamente', 'completado'),
(356, 187, 594, 25000.00, 'transferencia', '2025-11-17 10:54:00', '2025-11-17 16:02:00', 'TX594-114513', NULL, NULL, 'Tamara Ruiz', '2007799000', NULL, 'https://comprobantes/594.pdf', 'Pago generado automáticamente', 'completado'),
(357, 70, 600, 25000.00, 'mercadopago', '2025-11-17 14:05:00', '2025-11-17 16:50:00', 'TX600-134349', NULL, NULL, NULL, '2066672430', NULL, 'https://comprobantes/600.pdf', 'Pago generado automáticamente', 'completado'),
(358, 103, 604, 25000.00, 'mercadopago', '2025-11-19 11:49:00', '2025-11-19 16:05:00', 'TX604-60860', NULL, NULL, NULL, NULL, 'Banco Nación', 'https://comprobantes/604.pdf', 'Pago generado automáticamente', 'completado'),
(359, 71, 613, 25000.00, 'transferencia', '2025-11-19 16:24:00', '2025-11-19 20:41:00', 'TX613-104933', NULL, '0003083783465515620400', 'Claudia Medina', NULL, NULL, NULL, 'Pago generado automáticamente', 'completado'),
(360, 188, 617, 25000.00, 'efectivo', '2025-11-20 12:35:00', '2025-11-20 16:41:00', 'TX617-820804', 'alias.ruiz.cbank', NULL, NULL, NULL, NULL, NULL, 'Pago generado automáticamente', 'completado'),
(361, 54, 622, 25000.00, 'transferencia', '2025-11-20 15:04:00', '2025-11-20 18:37:00', 'TX622-159101', 'alias.peralta.cbank', '0001671144535458781400', NULL, NULL, NULL, NULL, 'Pago generado automáticamente', 'completado'),
(362, 189, 628, 25000.00, 'efectivo', '2025-11-21 12:24:00', '2025-11-21 17:57:00', 'TX628-620839', NULL, '0000968148271523554200', NULL, NULL, NULL, NULL, 'Pago generado automáticamente', 'completado'),
(363, 108, 631, 25000.00, 'efectivo', '2025-11-21 15:28:00', '2025-11-21 18:44:00', 'TX631-836372', 'alias.martin.cbank', NULL, 'Lorena Martin', '2089609744', NULL, 'https://comprobantes/631.pdf', 'Pago generado automáticamente', 'completado'),
(364, 105, 634, 25000.00, 'mercadopago', '2025-11-22 11:16:00', '2025-11-22 15:01:00', 'TX634-395005', 'alias.benitez.cbank', NULL, NULL, '2021947189', 'Santander', 'https://comprobantes/634.pdf', 'Pago generado automáticamente', 'completado'),
(365, 72, 643, 25000.00, 'efectivo', '2025-11-22 15:50:00', '2025-11-22 19:09:00', 'TX643-861140', NULL, NULL, 'Claudia Medina', '2070153837', NULL, 'https://comprobantes/643.pdf', 'Pago generado automáticamente', 'completado'),
(366, NULL, 476, 90000.00, 'mercadopago', '2025-10-30 11:38:00', '2025-10-30 16:32:00', 'TX476-794017', 'alias.quiroga.cbank', NULL, 'Marcos Quiroga', NULL, NULL, 'https://comprobantes/476.pdf', 'Pago generado automáticamente', 'completado'),
(367, 126, 492, 90000.00, 'transferencia', '2025-11-02 12:13:00', '2025-11-02 17:43:00', 'TX492-569382', 'alias.quiroga.cbank', '0008373809017589137000', NULL, NULL, 'Galicia', 'https://comprobantes/492.pdf', 'Pago generado automáticamente', 'completado'),
(368, 180, 501, 90000.00, 'mercadopago', '2025-11-04 11:29:00', '2025-11-04 16:48:00', 'TX501-316505', 'alias.ruiz.cbank', '0007398947912639889000', 'Tamara Ruiz', NULL, 'Galicia', 'https://comprobantes/501.pdf', 'Pago generado automáticamente', 'completado'),
(369, 127, 511, 90000.00, 'mercadopago', '2025-11-05 14:00:00', '2025-11-05 20:10:00', 'TX511-383187', NULL, '0008145639866726138000', NULL, NULL, NULL, NULL, 'Pago generado automáticamente', 'completado'),
(370, 128, 517, 90000.00, 'mercadopago', '2025-11-06 12:19:00', '2025-11-06 16:23:00', 'TX517-768819', 'alias.quiroga.cbank', NULL, NULL, NULL, NULL, 'https://comprobantes/517.pdf', 'Pago generado automáticamente', 'completado'),
(371, 74, 530, 90000.00, 'efectivo', '2025-11-07 14:44:00', '2025-11-07 17:12:00', 'TX530-818747', NULL, '0009585660127537009000', NULL, '2057908960', 'Santander', 'https://comprobantes/530.pdf', 'Pago generado automáticamente', 'completado'),
(372, 129, 537, 90000.00, 'transferencia', '2025-11-08 11:49:00', '2025-11-08 14:38:00', 'TX537-197613', NULL, NULL, 'Marcos Quiroga', '2006019257', NULL, 'https://comprobantes/537.pdf', 'Pago generado automáticamente', 'completado'),
(373, 130, 557, 90000.00, 'mercadopago', '2025-11-13 11:41:00', '2025-11-13 17:33:00', 'TX557-995533', NULL, '0001456821357325484300', 'Marcos Quiroga', '2077516883', NULL, NULL, 'Pago generado automáticamente', 'completado'),
(374, 77, 580, 90000.00, 'efectivo', '2025-11-15 13:01:00', '2025-11-15 19:17:00', 'TX580-477737', NULL, NULL, NULL, NULL, NULL, 'https://comprobantes/580.pdf', 'Pago generado automáticamente', 'completado'),
(375, 131, 587, 90000.00, 'mercadopago', '2025-11-16 12:41:00', '2025-11-16 15:30:00', 'TX587-241519', 'alias.quiroga.cbank', '0001914092229599219200', 'Marcos Quiroga', '2079171378', NULL, NULL, 'Pago generado automáticamente', 'completado'),
(376, 78, 595, 90000.00, 'efectivo', '2025-11-17 11:26:00', '2025-11-17 15:00:00', 'TX595-148226', 'alias.vega.cbank', '0002935747739799085600', 'Hernan Vega', NULL, 'BBVA', 'https://comprobantes/595.pdf', 'Pago generado automáticamente', 'completado'),
(377, 132, 607, 90000.00, 'mercadopago', '2025-11-19 11:23:00', '2025-11-19 16:10:00', 'TX607-632038', NULL, '0004029222246286666000', NULL, '2016874351', NULL, 'https://comprobantes/607.pdf', 'Pago generado automáticamente', 'completado'),
(378, 80, 630, 90000.00, 'transferencia', '2025-11-21 13:34:00', '2025-11-21 17:05:00', 'TX630-90566', 'alias.vega.cbank', NULL, 'Hernan Vega', NULL, 'Macro', 'https://comprobantes/630.pdf', 'Pago generado automáticamente', 'completado'),
(379, 133, 637, 90000.00, 'efectivo', '2025-11-22 12:20:00', '2025-11-22 17:17:00', 'TX637-891399', 'alias.quiroga.cbank', NULL, 'Marcos Quiroga', NULL, 'BBVA', 'https://comprobantes/637.pdf', 'Pago generado automáticamente', 'completado'),
(380, NULL, 474, 27500.00, 'transferencia', '2025-10-30 12:12:00', '2025-10-30 15:36:00', 'TX474-982423', NULL, NULL, 'Mauro Pereyra', NULL, NULL, NULL, 'Pago generado automáticamente', 'completado'),
(381, NULL, 480, 27500.00, 'mercadopago', '2025-10-31 11:58:00', '2025-10-31 16:00:00', 'TX480-741805', NULL, NULL, 'Sabrina Vera', NULL, NULL, 'https://comprobantes/480.pdf', 'Pago generado automáticamente', 'completado'),
(382, 146, 487, 27500.00, 'transferencia', '2025-11-01 11:30:00', '2025-11-01 17:20:00', 'TX487-902775', NULL, NULL, NULL, NULL, 'BBVA', 'https://comprobantes/487.pdf', 'Pago generado automáticamente', 'completado'),
(383, 134, 490, 27500.00, 'mercadopago', '2025-11-02 11:27:00', '2025-11-02 15:18:00', 'TX490-514900', NULL, '0000598441474697032400', NULL, NULL, NULL, 'https://comprobantes/490.pdf', 'Pago generado automáticamente', 'completado'),
(384, 36, 494, 27500.00, 'mercadopago', '2025-11-03 10:00:00', '2025-11-03 15:47:00', 'TX494-876360', NULL, NULL, NULL, NULL, 'Banco Nación', 'https://comprobantes/494.pdf', 'Pago generado automáticamente', 'completado'),
(385, 73, 499, 27500.00, 'efectivo', '2025-11-04 10:07:00', '2025-11-04 13:57:00', 'TX499-465057', 'alias.vega.cbank', '0002455608195118241300', 'Hernan Vega', NULL, NULL, 'https://comprobantes/499.pdf', 'Pago generado automáticamente', 'completado'),
(386, 58, 506, 27500.00, 'efectivo', '2025-11-05 11:35:00', '2025-11-05 17:37:00', 'TX506-233261', 'alias.diaz.cbank', '0002412815133494152700', 'Clara Diaz', '2000445538', NULL, NULL, 'Pago generado automáticamente', 'completado'),
(387, 181, 510, 27500.00, 'mercadopago', '2025-11-05 14:45:00', '2025-11-05 19:56:00', 'TX510-226216', NULL, NULL, 'Tamara Ruiz', NULL, 'BBVA', NULL, 'Pago generado automáticamente', 'completado'),
(388, 170, 513, 27500.00, 'efectivo', '2025-11-05 15:34:00', '2025-11-05 18:48:00', 'TX513-737756', NULL, '0006300110496860101000', NULL, '2048146776', NULL, 'https://comprobantes/513.pdf', 'Pago generado automáticamente', 'completado'),
(389, 135, 515, 27500.00, 'transferencia', '2025-11-06 11:09:00', '2025-11-06 16:39:00', 'TX515-570383', 'alias.pereyra.cbank', NULL, NULL, NULL, 'Macro', 'https://comprobantes/515.pdf', 'Pago generado automáticamente', 'completado'),
(390, 171, 520, 27500.00, 'transferencia', '2025-11-06 14:36:00', '2025-11-06 17:37:00', 'TX520-505091', NULL, NULL, NULL, NULL, 'BBVA', NULL, 'Pago generado automáticamente', 'completado'),
(391, 147, 526, 27500.00, 'transferencia', '2025-11-07 10:53:00', '2025-11-07 16:15:00', 'TX526-345540', NULL, NULL, 'Paula Herrera', NULL, NULL, NULL, 'Pago generado automáticamente', 'completado'),
(392, 136, 535, 27500.00, 'mercadopago', '2025-11-08 10:11:00', '2025-11-08 17:19:00', 'TX535-551706', NULL, NULL, 'Mauro Pereyra', '2047420340', NULL, 'https://comprobantes/535.pdf', 'Pago generado automáticamente', 'completado'),
(393, 39, 540, 27500.00, 'mercadopago', '2025-11-08 13:03:00', '2025-11-08 17:32:00', 'TX540-252075', NULL, NULL, 'Antonella Suarez', NULL, NULL, 'https://comprobantes/540.pdf', 'Pago generado automáticamente', 'completado'),
(394, 120, 545, 27500.00, 'transferencia', '2025-11-09 10:42:00', '2025-11-09 15:25:00', 'TX545-564887', 'alias.paz.cbank', NULL, NULL, '2019550596', 'BBVA', 'https://comprobantes/545.pdf', 'Pago generado automáticamente', 'completado'),
(395, 137, 551, 27500.00, 'transferencia', '2025-11-09 13:15:00', '2025-11-09 20:18:00', 'TX551-441765', 'alias.pereyra.cbank', '0002356296211812921000', NULL, NULL, NULL, 'https://comprobantes/551.pdf', 'Pago generado automáticamente', 'completado'),
(396, 138, 555, 27500.00, 'transferencia', '2025-11-13 11:08:00', '2025-11-13 13:54:00', 'TX555-152809', 'alias.pereyra.cbank', NULL, NULL, NULL, NULL, 'https://comprobantes/555.pdf', 'Pago generado automáticamente', 'completado'),
(397, 40, 559, 27500.00, 'efectivo', '2025-11-13 12:27:00', '2025-11-13 18:23:00', 'TX559-61322', NULL, '0000419101603719500500', NULL, '2069711041', NULL, 'https://comprobantes/559.pdf', 'Pago generado automáticamente', 'completado'),
(398, 121, 565, 27500.00, 'transferencia', '2025-11-14 11:13:00', '2025-11-14 15:35:00', 'TX565-158900', NULL, '0005059842965621356000', 'Marcela Paz', '2018843527', NULL, 'https://comprobantes/565.pdf', 'Pago generado automáticamente', 'completado'),
(399, 139, 571, 27500.00, 'transferencia', '2025-11-14 13:35:00', '2025-11-14 20:14:00', 'TX571-972099', NULL, '0006102861432454419000', NULL, NULL, 'Santander', NULL, 'Pago generado automáticamente', 'completado'),
(400, 150, 576, 27500.00, 'transferencia', '2025-11-15 12:47:00', '2025-11-15 16:54:00', 'TX576-894413', NULL, NULL, NULL, NULL, NULL, 'https://comprobantes/576.pdf', 'Pago generado automáticamente', 'completado'),
(401, 140, 585, 27500.00, 'mercadopago', '2025-11-16 10:45:00', '2025-11-16 15:37:00', 'TX585-728786', NULL, NULL, NULL, NULL, NULL, 'https://comprobantes/585.pdf', 'Pago generado automáticamente', 'completado'),
(402, 41, 589, 27500.00, 'mercadopago', '2025-11-16 12:52:00', '2025-11-16 19:18:00', 'TX589-715059', NULL, '0001357577872795591000', NULL, NULL, 'Santander', 'https://comprobantes/589.pdf', 'Pago generado automáticamente', 'completado'),
(403, 123, 598, 27500.00, 'transferencia', '2025-11-17 13:29:00', '2025-11-17 18:58:00', 'TX598-599073', NULL, NULL, NULL, NULL, 'Galicia', 'https://comprobantes/598.pdf', 'Pago generado automáticamente', 'completado'),
(404, 42, 603, 27500.00, 'mercadopago', '2025-11-17 15:33:00', '2025-11-17 18:44:00', 'TX603-681148', 'alias.suarez.cbank', NULL, NULL, NULL, NULL, 'https://comprobantes/603.pdf', 'Pago generado automáticamente', 'completado'),
(405, 141, 605, 27500.00, 'mercadopago', '2025-11-19 10:26:00', '2025-11-19 16:21:00', 'TX605-33179', NULL, NULL, NULL, NULL, NULL, 'https://comprobantes/605.pdf', 'Pago generado automáticamente', 'completado'),
(406, 43, 609, 27500.00, 'transferencia', '2025-11-19 12:16:00', '2025-11-19 19:29:00', 'TX609-663072', NULL, '0001867681044961960200', NULL, '2003848830', NULL, 'https://comprobantes/609.pdf', 'Pago generado automáticamente', 'completado'),
(407, 124, 615, 27500.00, 'efectivo', '2025-11-20 10:02:00', '2025-11-20 17:26:00', 'TX615-867004', 'alias.paz.cbank', NULL, 'Marcela Paz', NULL, NULL, 'https://comprobantes/615.pdf', 'Pago generado automáticamente', 'completado'),
(408, 142, 621, 27500.00, 'transferencia', '2025-11-20 13:40:00', '2025-11-20 16:49:00', 'TX621-581001', NULL, '0009551491969778661000', NULL, NULL, NULL, NULL, 'Pago generado automáticamente', 'completado'),
(409, 153, 626, 27500.00, 'mercadopago', '2025-11-21 11:00:00', '2025-11-21 17:02:00', 'TX626-194571', NULL, NULL, NULL, NULL, NULL, NULL, 'Pago generado automáticamente', 'completado'),
(410, 143, 635, 27500.00, 'transferencia', '2025-11-22 12:07:00', '2025-11-22 15:32:00', 'TX635-990680', 'alias.pereyra.cbank', NULL, 'Mauro Pereyra', NULL, NULL, 'https://comprobantes/635.pdf', 'Pago generado automáticamente', 'completado'),
(411, 44, 639, 27500.00, 'mercadopago', '2025-11-22 13:44:00', '2025-11-22 18:02:00', 'TX639-88325', 'alias.suarez.cbank', '0005501728016419083000', 'Antonella Suarez', '2062904940', 'Galicia', 'https://comprobantes/639.pdf', 'Pago generado automáticamente', 'completado'),
(412, NULL, 477, 15000.00, 'transferencia', '2025-10-30 13:12:00', '2025-10-30 17:14:00', 'TX477-746000', NULL, NULL, NULL, NULL, 'Banco Nación', 'https://comprobantes/477.pdf', 'Pago generado automáticamente', 'completado'),
(413, NULL, 484, 15000.00, 'transferencia', '2025-11-01 10:30:00', '2025-11-01 15:17:00', 'TX484-622218', NULL, NULL, 'Lucas Gimenez', NULL, NULL, NULL, 'Pago generado automáticamente', 'completado'),
(414, 144, 493, 15000.00, 'efectivo', '2025-11-02 13:02:00', '2025-11-02 16:05:00', 'TX493-509513', NULL, NULL, 'Micaela Paz', NULL, NULL, 'https://comprobantes/493.pdf', 'Pago generado automáticamente', 'completado'),
(415, 57, 498, 15000.00, 'transferencia', '2025-11-03 13:36:00', '2025-11-03 18:18:00', 'TX498-602752', 'alias.diaz.cbank', NULL, NULL, NULL, NULL, NULL, 'Pago generado automáticamente', 'completado'),
(416, 145, 505, 15000.00, 'efectivo', '2025-11-05 10:39:00', '2025-11-05 14:58:00', 'TX505-39050', NULL, '0004456655061297728500', NULL, '2059887730', NULL, 'https://comprobantes/505.pdf', 'Pago generado automáticamente', 'completado'),
(417, 119, 524, 15000.00, 'mercadopago', '2025-11-07 10:46:00', '2025-11-07 16:37:00', 'TX524-7717', NULL, '0009325241194409542000', NULL, NULL, 'Santander', NULL, 'Pago generado automáticamente', 'completado'),
(418, 109, 527, 15000.00, 'efectivo', '2025-11-07 11:17:00', '2025-11-07 17:05:00', 'TX527-905746', 'alias.gimenez.cbank', NULL, NULL, '2020091785', NULL, NULL, 'Pago generado automáticamente', 'completado'),
(419, 148, 541, 15000.00, 'efectivo', '2025-11-08 15:16:00', '2025-11-08 17:31:00', 'TX541-553803', NULL, NULL, 'Paula Herrera', NULL, 'Galicia', 'https://comprobantes/541.pdf', 'Pago generado automáticamente', 'completado'),
(420, 110, 544, 15000.00, 'transferencia', '2025-11-09 11:45:00', '2025-11-09 16:57:00', 'TX544-234003', NULL, NULL, NULL, NULL, NULL, 'https://comprobantes/544.pdf', 'Pago generado automáticamente', 'completado'),
(421, 149, 560, 15000.00, 'mercadopago', '2025-11-13 13:06:00', '2025-11-13 16:32:00', 'TX560-942837', NULL, NULL, NULL, NULL, NULL, 'https://comprobantes/560.pdf', 'Pago generado automáticamente', 'completado'),
(422, 111, 564, 15000.00, 'efectivo', '2025-11-14 11:54:00', '2025-11-14 14:09:00', 'TX564-552439', NULL, NULL, NULL, NULL, NULL, NULL, 'Pago generado automáticamente', 'completado'),
(423, 122, 574, 15000.00, 'transferencia', '2025-11-15 11:58:00', '2025-11-15 13:52:00', 'TX574-120579', NULL, '0001014294597333571600', 'Marcela Paz', '2085871569', NULL, NULL, 'Pago generado automáticamente', 'completado'),
(424, 112, 577, 15000.00, 'mercadopago', '2025-11-15 13:15:00', '2025-11-15 17:04:00', 'TX577-507669', 'alias.gimenez.cbank', '0007296690202594445000', NULL, '2066644936', NULL, 'https://comprobantes/577.pdf', 'Pago generado automáticamente', 'completado'),
(425, 151, 590, 15000.00, 'transferencia', '2025-11-16 13:13:00', '2025-11-16 18:27:00', 'TX590-196877', NULL, NULL, NULL, '2054824085', 'Banco Nación', 'https://comprobantes/590.pdf', 'Pago generado automáticamente', 'completado'),
(426, 113, 597, 15000.00, 'transferencia', '2025-11-17 13:02:00', '2025-11-17 15:14:00', 'TX597-491927', NULL, NULL, 'Lucas Gimenez', NULL, 'Banco Nación', NULL, 'Pago generado automáticamente', 'completado'),
(427, 152, 610, 15000.00, 'mercadopago', '2025-11-19 14:13:00', '2025-11-19 16:25:00', 'TX610-472352', NULL, NULL, NULL, NULL, NULL, 'https://comprobantes/610.pdf', 'Pago generado automáticamente', 'completado'),
(428, 114, 614, 15000.00, 'efectivo', '2025-11-20 11:21:00', '2025-11-20 14:15:00', 'TX614-355140', NULL, NULL, NULL, '2098347334', NULL, 'https://comprobantes/614.pdf', 'Pago generado automáticamente', 'completado'),
(429, 125, 624, 15000.00, 'transferencia', '2025-11-21 09:53:00', '2025-11-21 14:17:00', 'TX624-155446', NULL, '0003713445955620562400', NULL, NULL, 'Banco Nación', NULL, 'Pago generado automáticamente', 'completado'),
(430, 115, 627, 15000.00, 'mercadopago', '2025-11-21 13:27:00', '2025-11-21 16:24:00', 'TX627-428779', NULL, NULL, NULL, '2013565478', NULL, 'https://comprobantes/627.pdf', 'Pago generado automáticamente', 'completado'),
(431, 154, 640, 15000.00, 'efectivo', '2025-11-22 14:05:00', '2025-11-22 19:35:00', 'TX640-585252', NULL, '0003740137697886804000', 'Paula Herrera', NULL, NULL, 'https://comprobantes/640.pdf', 'Pago generado automáticamente', 'completado'),
(432, NULL, 478, 17600.00, 'transferencia', '2025-10-31 10:36:00', '2025-10-31 14:05:00', 'TX478-37095', 'alias.suarez.cbank', NULL, 'Antonella Suarez', NULL, NULL, 'https://comprobantes/478.pdf', 'Pago generado automáticamente', 'completado'),
(433, 95, 489, 17600.00, 'efectivo', '2025-11-02 10:25:00', '2025-11-02 15:34:00', 'TX489-120413', NULL, NULL, NULL, '2048671245', 'Galicia', NULL, 'Pago generado automáticamente', 'completado'),
(434, 172, 495, 17600.00, 'mercadopago', '2025-11-03 11:36:00', '2025-11-03 13:42:00', 'TX495-332117', 'alias.lopez.cbank', '0002103094684056094700', 'Sofia Lopez', '2085757961', NULL, 'https://comprobantes/495.pdf', 'Pago generado automáticamente', 'completado'),
(435, 37, 503, 17600.00, 'mercadopago', '2025-11-04 13:32:00', '2025-11-04 16:14:00', 'TX503-86646', 'alias.suarez.cbank', NULL, NULL, '2005827601', NULL, NULL, 'Pago generado automáticamente', 'completado'),
(436, 96, 512, 17600.00, 'efectivo', '2025-11-05 15:36:00', '2025-11-05 20:36:00', 'TX512-977049', NULL, NULL, NULL, '2067555459', NULL, NULL, 'Pago generado automáticamente', 'completado'),
(437, 38, 519, 17600.00, 'efectivo', '2025-11-06 12:34:00', '2025-11-06 15:34:00', 'TX519-406358', NULL, '0002780411218088503300', 'Antonella Suarez', '2027161311', NULL, 'https://comprobantes/519.pdf', 'Pago generado automáticamente', 'completado'),
(438, 59, 529, 17600.00, 'efectivo', '2025-11-07 13:06:00', '2025-11-07 17:42:00', 'TX529-421686', 'alias.diaz.cbank', NULL, NULL, '2098975233', NULL, NULL, 'Pago generado automáticamente', 'completado'),
(439, 174, 538, 17600.00, 'transferencia', '2025-11-08 12:32:00', '2025-11-08 16:39:00', 'TX538-823105', NULL, NULL, NULL, '2062766153', NULL, 'https://comprobantes/538.pdf', 'Pago generado automáticamente', 'completado'),
(440, 60, 546, 17600.00, 'efectivo', '2025-11-09 12:21:00', '2025-11-09 17:08:00', 'TX546-704803', NULL, NULL, NULL, NULL, NULL, NULL, 'Pago generado automáticamente', 'completado'),
(441, 99, 549, 17600.00, 'transferencia', '2025-11-09 13:33:00', '2025-11-09 19:10:00', 'TX549-737122', NULL, '0002534187112501065000', NULL, '2037118417', 'Santander', 'https://comprobantes/549.pdf', 'Pago generado automáticamente', 'completado'),
(442, 175, 558, 17600.00, 'transferencia', '2025-11-13 11:54:00', '2025-11-13 15:41:00', 'TX558-380554', 'alias.lopez.cbank', NULL, NULL, '2011446636', NULL, NULL, 'Pago generado automáticamente', 'completado'),
(443, 61, 566, 17600.00, 'mercadopago', '2025-11-14 10:38:00', '2025-11-14 15:27:00', 'TX566-648660', NULL, NULL, 'Clara Diaz', NULL, NULL, 'https://comprobantes/566.pdf', 'Pago generado automáticamente', 'completado'),
(444, 101, 569, 17600.00, 'transferencia', '2025-11-14 13:58:00', '2025-11-14 16:58:00', 'TX569-471009', NULL, NULL, 'Laura Benitez', '2043607289', 'Macro', 'https://comprobantes/569.pdf', 'Pago generado automáticamente', 'completado'),
(445, 62, 579, 17600.00, 'transferencia', '2025-11-15 13:52:00', '2025-11-15 17:18:00', 'TX579-994291', 'alias.diaz.cbank', NULL, NULL, '2047934356', 'Santander', NULL, 'Pago generado automáticamente', 'completado'),
(446, 176, 588, 17600.00, 'efectivo', '2025-11-16 12:32:00', '2025-11-16 17:41:00', 'TX588-102640', 'alias.lopez.cbank', NULL, 'Sofia Lopez', '2025954758', NULL, NULL, 'Pago generado automáticamente', 'completado'),
(447, 63, 596, 17600.00, 'mercadopago', '2025-11-17 12:18:00', '2025-11-17 17:33:00', 'TX596-294323', NULL, NULL, NULL, '2055171101', 'Banco Nación', NULL, 'Pago generado automáticamente', 'completado'),
(448, 178, 608, 17600.00, 'transferencia', '2025-11-19 12:07:00', '2025-11-19 16:59:00', 'TX608-739860', NULL, NULL, NULL, NULL, NULL, 'https://comprobantes/608.pdf', 'Pago generado automáticamente', 'completado'),
(449, 64, 616, 17600.00, 'efectivo', '2025-11-20 11:07:00', '2025-11-20 15:20:00', 'TX616-908109', 'alias.diaz.cbank', NULL, NULL, '2006264334', NULL, 'https://comprobantes/616.pdf', 'Pago generado automáticamente', 'completado'),
(450, 104, 619, 17600.00, 'transferencia', '2025-11-20 13:51:00', '2025-11-20 18:24:00', 'TX619-409842', NULL, NULL, NULL, NULL, NULL, NULL, 'Pago generado automáticamente', 'completado'),
(451, 65, 629, 17600.00, 'mercadopago', '2025-11-21 12:32:00', '2025-11-21 16:21:00', 'TX629-406343', 'alias.diaz.cbank', NULL, 'Clara Diaz', '2025827860', 'Macro', 'https://comprobantes/629.pdf', 'Pago generado automáticamente', 'completado'),
(452, 179, 638, 17600.00, 'mercadopago', '2025-11-22 12:02:00', '2025-11-22 15:05:00', 'TX638-459872', NULL, NULL, NULL, NULL, NULL, 'https://comprobantes/638.pdf', 'Pago generado automáticamente', 'completado'),
(453, NULL, 479, 25000.00, 'mercadopago', '2025-10-31 11:57:00', '2025-10-31 13:32:00', 'TX479-700615', 'alias.martinez.cbank', NULL, NULL, '2058933120', NULL, NULL, 'Pago generado automáticamente', 'completado'),
(454, 81, 502, 25000.00, 'efectivo', '2025-11-04 13:09:00', '2025-11-04 14:33:00', 'TX502-472542', NULL, NULL, NULL, NULL, 'Banco Nación', 'https://comprobantes/502.pdf', 'Pago generado automáticamente', 'completado'),
(455, 82, 507, 25000.00, 'mercadopago', '2025-11-05 11:27:00', '2025-11-05 17:26:00', 'TX507-110478', 'alias.martinez.cbank', '0000685041957241522200', NULL, NULL, 'Banco Nación', 'https://comprobantes/507.pdf', 'Pago generado automáticamente', 'completado'),
(456, 83, 525, 25000.00, 'mercadopago', '2025-11-07 10:36:00', '2025-11-07 14:59:00', 'TX525-141731', 'alias.martinez.cbank', '0008328703482010125000', 'Jorge Martinez', '2080287957', 'Galicia', 'https://comprobantes/525.pdf', 'Pago generado automáticamente', 'completado'),
(457, 83, 532, 25000.00, 'efectivo', '2025-11-07 13:46:00', '2025-11-07 20:00:00', 'TX532-425567', NULL, NULL, NULL, NULL, 'BBVA', NULL, 'Pago generado automáticamente', 'completado'),
(458, 84, 542, 25000.00, 'mercadopago', '2025-11-08 13:40:00', '2025-11-08 19:05:00', 'TX542-405729', 'alias.martinez.cbank', NULL, NULL, NULL, 'Santander', NULL, 'Pago generado automáticamente', 'completado'),
(459, 85, 550, 25000.00, 'efectivo', '2025-11-09 14:32:00', '2025-11-09 17:17:00', 'TX550-176690', NULL, NULL, 'Jorge Martinez', '2020220527', NULL, 'https://comprobantes/550.pdf', 'Pago generado automáticamente', 'completado'),
(460, 86, 561, 25000.00, 'mercadopago', '2025-11-13 14:55:00', '2025-11-13 17:46:00', 'TX561-271409', 'alias.martinez.cbank', NULL, NULL, '2056734158', NULL, NULL, 'Pago generado automáticamente', 'completado'),
(461, 87, 570, 25000.00, 'transferencia', '2025-11-14 14:20:00', '2025-11-14 19:30:00', 'TX570-164728', NULL, '0008152682500102262000', 'Jorge Martinez', NULL, NULL, 'https://comprobantes/570.pdf', 'Pago generado automáticamente', 'completado'),
(462, 88, 575, 25000.00, 'mercadopago', '2025-11-15 12:13:00', '2025-11-15 15:38:00', 'TX575-9340', 'alias.martinez.cbank', NULL, 'Jorge Martinez', NULL, NULL, NULL, 'Pago generado automáticamente', 'completado'),
(463, 88, 582, 25000.00, 'efectivo', '2025-11-15 14:24:00', '2025-11-15 19:57:00', 'TX582-608325', NULL, NULL, NULL, '2057381200', NULL, 'https://comprobantes/582.pdf', 'Pago generado automáticamente', 'completado'),
(464, 89, 591, 25000.00, 'transferencia', '2025-11-16 15:13:00', '2025-11-16 18:41:00', 'TX591-80808', NULL, '0003960796244405951500', 'Jorge Martinez', NULL, 'BBVA', NULL, 'Pago generado automáticamente', 'completado'),
(465, 90, 602, 25000.00, 'mercadopago', '2025-11-17 15:52:00', '2025-11-17 19:57:00', 'TX602-844953', NULL, '0005510537219709286000', NULL, '2027056054', NULL, NULL, 'Pago generado automáticamente', 'completado'),
(466, 91, 611, 25000.00, 'mercadopago', '2025-11-19 15:26:00', '2025-11-19 18:51:00', 'TX611-6474', NULL, NULL, NULL, NULL, NULL, 'https://comprobantes/611.pdf', 'Pago generado automáticamente', 'completado'),
(467, 92, 620, 25000.00, 'transferencia', '2025-11-20 14:22:00', '2025-11-20 17:29:00', 'TX620-614103', NULL, NULL, NULL, NULL, NULL, NULL, 'Pago generado automáticamente', 'completado'),
(468, 93, 625, 25000.00, 'efectivo', '2025-11-21 11:17:00', '2025-11-21 16:44:00', 'TX625-516840', NULL, NULL, 'Jorge Martinez', NULL, 'Santander', 'https://comprobantes/625.pdf', 'Pago generado automáticamente', 'completado'),
(469, 93, 632, 25000.00, 'efectivo', '2025-11-21 15:00:00', '2025-11-21 19:29:00', 'TX632-307534', 'alias.martinez.cbank', '0000310786878979566400', NULL, '2018287512', NULL, NULL, 'Pago generado automáticamente', 'completado'),
(470, 94, 641, 25000.00, 'mercadopago', '2025-11-22 15:10:00', '2025-11-22 20:27:00', 'TX641-333364', NULL, '0003151864980488890000', NULL, NULL, NULL, 'https://comprobantes/641.pdf', 'Pago generado automáticamente', 'completado');

-- --------------------------------------------------------

--
-- Estructura de tabla para la tabla `rubro_servicio`
--

CREATE TABLE `rubro_servicio` (
  `ID` int(11) NOT NULL,
  `nombre` varchar(100) NOT NULL
) ENGINE=InnoDB DEFAULT CHARSET=utf8mb4 COLLATE=utf8mb4_general_ci;

--
-- Volcado de datos para la tabla `rubro_servicio`
--

INSERT INTO `rubro_servicio` (`ID`, `nombre`) VALUES
(1, 'Bronceado'),
(5, 'Esculpidas'),
(2, 'Faciales'),
(3, 'Microblading'),
(4, 'Perfilado de Cejas'),
(6, 'Pestañas');

-- --------------------------------------------------------

--
-- Estructura de tabla para la tabla `servicio`
--

CREATE TABLE `servicio` (
  `ID` int(11) NOT NULL,
  `nombre` varchar(100) NOT NULL,
  `descripcion` text DEFAULT NULL,
  `imagen` varchar(255) DEFAULT NULL,
  `estado` tinyint(1) DEFAULT 1,
  `fecha_alta` timestamp NOT NULL DEFAULT current_timestamp() ON UPDATE current_timestamp(),
  `fecha_modificacion` datetime DEFAULT NULL,
  `precio` decimal(10,2) DEFAULT 0.00,
  `duracion` int(11) DEFAULT 60
) ENGINE=InnoDB DEFAULT CHARSET=utf8mb4 COLLATE=utf8mb4_general_ci;

--
-- Volcado de datos para la tabla `servicio`
--

INSERT INTO `servicio` (`ID`, `nombre`, `descripcion`, `imagen`, `estado`, `fecha_alta`, `fecha_modificacion`, `precio`, `duracion`) VALUES
(1, 'Bronceado', 'Servicio de bronceado profesional', NULL, 1, '2025-10-10 20:52:45', NULL, 28000.00, 60),
(2, 'Faciales', 'Tratamientos faciales personalizados', NULL, 1, '2025-10-10 21:05:58', '2025-10-10 16:46:59', 25000.00, 60),
(3, 'Microblading', 'Técnica de microblading semipermanente', NULL, 1, '2025-10-10 19:44:02', NULL, 90000.00, 120),
(4, 'Perfilado de Cejas', 'Diseño y perfilado de cejas', NULL, 1, '2025-10-10 20:52:44', NULL, 27500.00, 60),
(5, 'Esculpidas', 'Uñas esculpidas profesionales', NULL, 1, '2025-10-10 20:52:44', NULL, 27700.00, 120),
(6, 'Pestañas', 'Extensiones y mantenimiento de pestañas', NULL, 1, '2025-10-10 20:52:44', NULL, 26200.00, 60),
(7, 'Masajes', '', NULL, 1, '2025-11-02 21:30:31', '2025-11-02 18:30:31', 15000.00, 60),
(8, 'Semipermanente', 'Manicura semipermanente de larga duración', NULL, 1, '2025-10-10 21:05:58', NULL, 17600.00, 60),
(9, 'Kapping', 'Kapping gel para fortalecimiento de uñas naturales', NULL, 1, '2025-10-10 21:05:58', NULL, 23000.00, 75),
(10, 'Prueba', '', 'img/vacia.webp', 0, '2025-11-02 18:12:18', '2025-11-02 15:12:18', 25000.00, 60),
(11, 'Microshading', '', 'img/microshading.jpg', 0, '2025-11-02 21:30:55', '2025-11-02 18:30:55', 177000.00, 120),
(12, 'prueba de calidad', 'dfgg,i.o´puiyinbvtcrvfbfnnm,minbjvhcgbn,.,kñjmlk', 'img/vacia.webp', 0, '2025-11-02 21:33:44', '2025-11-02 18:33:44', 12000.00, 41);

-- --------------------------------------------------------

--
-- Estructura de tabla para la tabla `turno`
--

CREATE TABLE `turno` (
  `ID` int(11) NOT NULL,
  `nombre_cliente` varchar(100) NOT NULL,
  `apellido_cliente` varchar(100) NOT NULL,
  `telefono_cliente` varchar(20) NOT NULL,
  `dni_cliente` varchar(20) DEFAULT NULL,
  `ID_servicio_FK` int(11) NOT NULL,
  `ID_estado_turno_FK` int(11) NOT NULL,
  `fecha` date NOT NULL,
  `hora` time NOT NULL,
  `recordatorio_enviado` tinyint(1) DEFAULT 0,
  `grupo_turnos_id` int(11) DEFAULT NULL,
  `token_confirmacion` varchar(64) DEFAULT NULL,
  `confirmado` tinyint(1) DEFAULT 0,
  `fecha_confirmacion` datetime DEFAULT NULL
) ENGINE=InnoDB DEFAULT CHARSET=utf8mb4 COLLATE=utf8mb4_general_ci;

--
-- Volcado de datos para la tabla `turno`
--

INSERT INTO `turno` (`ID`, `nombre_cliente`, `apellido_cliente`, `telefono_cliente`, `dni_cliente`, `ID_servicio_FK`, `ID_estado_turno_FK`, `fecha`, `hora`, `recordatorio_enviado`, `grupo_turnos_id`, `token_confirmacion`, `confirmado`, `fecha_confirmacion`) VALUES
(9, 'Sofi', 'Lopez', '3513874512', NULL, 1, 5, '2025-10-02', '12:00:00', 0, NULL, NULL, 0, NULL),
(10, 'Lorena', 'Martin', '3512325212', NULL, 2, 5, '2025-10-08', '12:00:00', 0, NULL, NULL, 0, NULL),
(11, 'Lula', 'Lara', '21245464', NULL, 1, 5, '2025-10-08', '10:00:00', 0, NULL, NULL, 0, NULL),
(12, 'Marta', 'Nuñez', '54564323', NULL, 5, 5, '2025-10-09', '09:00:00', 0, NULL, NULL, 0, NULL),
(13, 'Eugenia', 'Lur', '1235678', NULL, 3, 1, '2025-10-10', '11:00:00', 0, NULL, NULL, 0, NULL),
(14, 'Lourdes', 'Yandre', '2541325413', NULL, 5, 7, '2025-10-10', '09:00:00', 0, NULL, NULL, 0, NULL),
(15, 'Lula', 'Lopez', '134142354', NULL, 1, 7, '2025-10-10', '09:00:00', 0, NULL, NULL, 0, NULL),
(16, 'Mariel', 'Ferrando', '3512526412', NULL, 1, 5, '2025-10-11', '11:00:00', 0, NULL, NULL, 0, NULL),
(17, 'Lourdes', 'Ruiz', '3351257452', NULL, 2, 5, '2025-10-14', '18:00:00', 0, NULL, NULL, 0, NULL),
(18, 'Sofi', 'Martinez', '3513514123', NULL, 5, 5, '2025-10-14', '17:00:00', 0, NULL, NULL, 0, NULL),
(19, 'Maura', 'Martinez', '35135254561', NULL, 1, 5, '2025-10-14', '19:00:00', 0, NULL, NULL, 0, NULL),
(20, 'Maria Elena', 'Tello', '3513254212', NULL, 6, 7, '2025-10-15', '11:00:00', 0, NULL, NULL, 0, NULL),
(21, 'Jorgelina', 'Martinez', '354132654', NULL, 4, 1, '2025-10-15', '12:00:00', 0, NULL, NULL, 0, NULL),
(22, 'Sofia', 'Muzzi', '35423165465', NULL, 5, 7, '2025-10-15', '13:00:00', 0, NULL, NULL, 0, NULL),
(23, 'Liliana', 'Lula', '3513878521', '40852954', 1, 6, '2025-10-23', '09:00:00', 0, NULL, NULL, 0, NULL),
(24, 'Liliana', 'Lula', '3513878521', '40852954', 5, 6, '2025-10-23', '09:00:00', 0, NULL, NULL, 0, NULL),
(25, 'Florencia', 'Albarracin', '3513875107', '40829057', 1, 7, '2025-10-23', '12:00:00', 0, 1, NULL, 0, NULL),
(26, 'Florencia', 'Albarracin', '3513875107', '40829057', 2, 7, '2025-10-23', '13:00:00', 0, 1, NULL, 0, NULL),
(27, 'Tamara', 'Ruiz', '351352123', '40829058', 2, 7, '2025-10-23', '15:00:00', 0, 2, NULL, 0, NULL),
(28, 'Florencia', 'Albarracin', '3513875107', '40829057', 2, 7, '2025-10-25', '09:00:00', 0, 3, NULL, 0, NULL),
(29, 'Florencia', 'Albarracin', '3513875107', '40829057', 5, 7, '2025-10-25', '13:00:00', 0, 3, NULL, 0, NULL),
(30, 'Tamara', 'Ruiz', '351352123', '40829058', 5, 7, '2025-10-25', '17:00:00', 0, 4, NULL, 0, NULL),
(31, 'Lourdes', 'Rulo', '3513521215', '40829059', 1, 7, '2025-10-25', '16:00:00', 0, 5, NULL, 0, NULL),
(32, 'Florencia', 'Albarracin', '3513875107', '40829057', 1, 7, '2025-10-25', '11:00:00', 0, 3, NULL, 0, NULL),
(33, 'Florencia', 'Albarracin', '3513875107', '40829057', 1, 7, '2025-10-25', '14:00:00', 0, 6, NULL, 0, NULL),
(34, 'Rolando', 'Garibay', '3513521035', '40829060', 1, 7, '2025-10-25', '18:00:00', 0, 7, NULL, 0, NULL),
(35, 'Rolando', 'Garibay', '3513521035', '40829060', 2, 5, '2025-11-29', '11:00:00', 0, 8, NULL, 0, NULL),
(36, 'Florencia', 'Albarracin', '3513875107', '40829057', 1, 5, '2025-10-24', '11:00:00', 0, 9, NULL, 0, NULL),
(37, 'Tamara', 'Ruiz', '351352123', '40829058', 5, 4, '2025-10-25', '09:00:00', 0, 10, NULL, 0, NULL),
(38, 'Tamara', 'Ruiz', '351352123', '40829058', 2, 5, '2025-10-25', '16:00:00', 0, 10, NULL, 0, NULL),
(39, 'Liliana', 'Lula', '3513878521', '40852954', 4, 5, '2025-10-25', '13:00:00', 0, 11, NULL, 0, NULL),
(40, 'Rolando', 'Garibay', '3513521035', '40829060', 4, 5, '2025-10-25', '17:00:00', 0, 12, NULL, 0, NULL),
(41, 'Florencia', 'Albarracin', '3513875107', '40829057', 1, 7, '2025-10-27', '11:00:00', 0, 13, NULL, 0, NULL),
(42, 'Rolando', 'Garibay', '3513521035', '40829060', 1, 5, '2025-10-27', '15:00:00', 0, 14, NULL, 0, NULL),
(43, 'Liliana', 'Lula', '3513878521', '40852954', 1, 7, '2025-10-27', '13:00:00', 0, 15, NULL, 0, NULL),
(44, 'Lourdes', 'Rulo', '3513521215', '40829059', 6, 5, '2025-10-27', '17:00:00', 0, 16, NULL, 0, NULL),
(45, 'Rolando', 'Garibay', '3513521035', '40829060', 6, 5, '2025-10-27', '15:00:00', 0, 14, NULL, 0, NULL),
(46, 'Maria', 'Romero', '3513521254', '40829061', 1, 5, '2025-10-27', '18:00:00', 0, 17, NULL, 0, NULL),
(47, 'Maria Pia', 'Curtis', '351352124', '40829062', 1, 5, '2025-10-27', '17:00:00', 0, 18, NULL, 0, NULL),
(48, 'Rocio', 'Gomez', '3513521512', '40829063', 1, 7, '2025-10-27', '09:00:00', 0, 19, NULL, 0, NULL),
(49, 'Florencia', 'Albarracin', '3513875107', '40829057', 1, 5, '2025-10-25', '09:00:00', 0, 20, NULL, 0, NULL),
(50, 'Florencia', 'Albarracin', '3513875107', '40829057', 4, 5, '2025-10-30', '12:00:00', 0, 21, NULL, 0, NULL),
(51, 'Florencia', 'Albarracin', '3513875107', '40829057', 1, 5, '2025-10-31', '16:00:00', 0, 22, NULL, 0, NULL),
(52, 'Florencia', 'Albarracin', '3513875107', '40829057', 1, 5, '2025-11-01', '13:00:00', 0, 23, NULL, 0, NULL),
(53, 'Florencia', 'Albarracin', '3513875107', '40829057', 5, 5, '2025-10-31', '09:00:00', 0, 22, NULL, 0, NULL),
(256, 'Tamara', 'Ruiz', '351352123', '40829058', 2, 7, '2025-10-23', '15:00:00', 0, 2, NULL, 0, NULL),
(257, 'Milagros', 'Suárez', '3518666188', '40671109', 2, 5, '2025-09-02', '13:00:00', 1, 3, NULL, 0, NULL),
(258, 'Andrea', 'Sosa', '3512856914', '43443672', 2, 4, '2025-09-04', '12:00:00', 1, 2, NULL, 0, NULL),
(259, 'Ana', 'Vega', '3519904210', '43753202', 6, 6, '2025-09-02', '09:15:00', 1, 3, NULL, 0, NULL),
(260, 'Milagros', 'Ramírez', '3514252410', '31241104', 2, 7, '2025-09-07', '15:30:00', 1, 1, NULL, 0, NULL),
(261, 'Brenda', 'Peralta', '3511778507', '39021542', 2, 5, '2025-09-02', '14:15:00', 1, 3, NULL, 0, NULL),
(262, 'Giselle', 'Mendoza', '3511380003', '21542884', 3, 4, '2025-09-04', '14:45:00', 1, NULL, NULL, 0, NULL),
(263, 'Micaela', 'Ramírez', '3516353654', '22613456', 11, 7, '2025-09-05', '14:00:00', 1, NULL, NULL, 0, NULL),
(264, 'Julieta', 'Benítez', '3518061744', '30982396', 6, 1, '2025-09-01', '17:45:00', 1, NULL, NULL, 0, NULL),
(265, 'Gabriela', 'Gutiérrez', '3515146270', '44229388', 2, 7, '2025-09-17', '17:15:00', 1, 14, NULL, 0, NULL),
(266, 'Marisol', 'Gutiérrez', '3518932528', '37795716', 1, 6, '2025-09-01', '18:30:00', 1, NULL, NULL, 0, NULL),
(267, 'Claudia', 'Rojas', '3514303911', '44558743', 11, 4, '2025-10-02', '10:15:00', 0, 9, NULL, 0, NULL),
(268, 'Florencia', 'Herrera', '3519638346', '42538074', 4, 1, '2025-09-24', '16:45:00', 0, 1, NULL, 0, NULL),
(269, 'Martina', 'Ruiz', '3519839301', '43751200', 6, 1, '2025-09-04', '12:00:00', 0, NULL, NULL, 0, NULL),
(270, 'Florencia', 'Márquez', '3517382997', '28153634', 2, 1, '2025-10-01', '15:15:00', 1, 15, NULL, 0, NULL),
(271, 'Agustina', 'Domínguez', '3516701065', '23666460', 8, 7, '2025-09-16', '12:15:00', 1, NULL, NULL, 0, NULL),
(272, 'Julieta', 'Romero', '3517317810', '41882351', 7, 4, '2025-09-01', '10:15:00', 1, 9, NULL, 0, NULL),
(273, 'Vanesa', 'Ibarra', '3516026064', '35267547', 4, 4, '2025-09-19', '15:45:00', 0, 3, NULL, 0, NULL),
(274, 'Lucía', 'Peralta', '3518050097', '36872858', 2, 4, '2025-09-11', '09:00:00', 0, 13, NULL, 0, NULL),
(275, 'Giselle', 'Ibarra', '3513619399', '21333508', 4, 5, '2025-09-06', '15:30:00', 1, 15, NULL, 0, NULL),
(276, 'Carolina', 'Romero', '3516247510', '35377510', 5, 7, '2025-09-05', '17:15:00', 1, NULL, NULL, 0, NULL),
(277, 'Claudia', 'Gómez', '3513542784', '40524499', 3, 1, '2025-09-01', '19:30:00', 0, 2, NULL, 0, NULL),
(278, 'Claudia', 'Fernández', '3518244935', '26831592', 1, 5, '2025-09-17', '17:45:00', 1, NULL, NULL, 0, NULL),
(279, 'Marisol', 'Romero', '3510052427', '38511323', 9, 4, '2025-09-01', '10:00:00', 1, NULL, NULL, 0, NULL),
(280, 'Daniela', 'Medina', '3512620450', '32006085', 9, 5, '2025-09-16', '19:00:00', 0, 7, NULL, 0, NULL),
(281, 'Andrea', 'Alvarez', '3513226025', '33814801', 7, 1, '2025-09-16', '13:15:00', 1, NULL, NULL, 0, NULL),
(282, 'Carolina', 'Sosa', '3517543303', '33370299', 6, 5, '2025-09-22', '13:00:00', 1, 14, NULL, 0, NULL),
(283, 'Giselle', 'Rojas', '3518501429', '28907573', 12, 5, '2025-09-03', '10:45:00', 1, 19, NULL, 0, NULL),
(284, 'Valentina', 'Silva', '3518169340', '43782887', 7, 5, '2025-09-01', '17:15:00', 1, NULL, NULL, 0, NULL),
(285, 'Noelia', 'Torres', '3511484656', '43394432', 7, 4, '2025-09-19', '17:15:00', 1, 15, NULL, 0, NULL),
(286, 'Giselle', 'Mendoza', '3512994680', '30196351', 10, 7, '2025-09-19', '12:45:00', 1, 14, NULL, 0, NULL),
(287, 'Paula', 'Vega', '3517387214', '37295699', 4, 5, '2025-09-22', '10:15:00', 0, 19, NULL, 0, NULL),
(288, 'María', 'Ruiz', '3510379176', '41131419', 4, 6, '2025-09-13', '15:45:00', 0, NULL, NULL, 0, NULL),
(289, 'Claudia', 'Díaz', '3511632870', '38703434', 8, 4, '2025-09-16', '10:45:00', 1, 15, NULL, 0, NULL),
(290, 'Gabriela', 'Cortes', '3517986872', '44952935', 11, 4, '2025-10-01', '16:30:00', 1, 2, NULL, 0, NULL),
(291, 'Belén', 'Benítez', '3514714345', '30727672', 7, 4, '2025-09-06', '11:15:00', 0, 16, NULL, 0, NULL),
(292, 'Brenda', 'Sosa', '3511665876', '22089290', 7, 7, '2025-09-27', '15:00:00', 0, 9, NULL, 0, NULL),
(293, 'Agustina', 'Suárez', '3516688937', '27362568', 7, 1, '2025-09-18', '15:45:00', 1, 4, NULL, 0, NULL),
(294, 'Lorena', 'Pérez', '3517298069', '38937852', 8, 4, '2025-09-02', '10:45:00', 0, NULL, NULL, 0, NULL),
(295, 'Florencia', 'Ortiz', '3515375564', '34145368', 12, 1, '2025-09-17', '10:45:00', 0, 11, NULL, 0, NULL),
(296, 'Agustina', 'Benítez', '3511003309', '25113103', 10, 1, '2025-09-16', '11:45:00', 1, NULL, NULL, 0, NULL),
(297, 'Brenda', 'Romero', '3515299124', '23627192', 12, 6, '2025-09-02', '13:45:00', 0, NULL, NULL, 0, NULL),
(298, 'Daniela', 'Cabrera', '3513149190', '31650225', 7, 1, '2025-09-24', '10:30:00', 1, 20, NULL, 0, NULL),
(299, 'Ana', 'Domínguez', '3515726284', '40666589', 5, 7, '2025-10-01', '16:45:00', 0, 4, NULL, 0, NULL),
(300, 'Marisol', 'Alvarez', '3511473799', '42420684', 6, 6, '2025-09-25', '14:00:00', 1, NULL, NULL, 0, NULL),
(301, 'Vanesa', 'Acosta', '3514549480', '37335133', 8, 6, '2025-09-13', '10:15:00', 0, 11, NULL, 0, NULL),
(302, 'Brenda', 'Ríos', '3517701436', '43212525', 9, 6, '2025-09-16', '13:30:00', 1, 10, NULL, 0, NULL),
(303, 'Valentina', 'Mendoza', '3518557444', '27735573', 12, 1, '2025-09-08', '12:30:00', 0, 11, NULL, 0, NULL),
(304, 'Vanesa', 'Sosa', '3517498941', '26513505', 5, 4, '2025-09-19', '12:30:00', 0, NULL, NULL, 0, NULL),
(305, 'Florencia', 'Martínez', '3510842710', '39262398', 6, 6, '2025-09-19', '16:45:00', 0, NULL, NULL, 0, NULL),
(306, 'Florencia', 'Ibarra', '3517116719', '41120693', 5, 7, '2025-09-04', '11:15:00', 0, NULL, NULL, 0, NULL),
(307, 'Ana', 'Medina', '3516999386', '35116756', 10, 5, '2025-09-29', '13:45:00', 0, 13, NULL, 0, NULL),
(308, 'Noelia', 'Mendoza', '3511334123', '25832214', 8, 6, '2025-09-05', '11:00:00', 1, 16, NULL, 0, NULL),
(309, 'Sofía', 'Martínez', '3513447134', '40973466', 4, 7, '2025-09-13', '15:00:00', 0, 14, NULL, 0, NULL),
(310, 'Andrea', 'Romero', '3512102499', '29684164', 12, 5, '2025-09-29', '10:45:00', 1, 6, NULL, 0, NULL),
(311, 'Milagros', 'Medina', '3517719065', '40257268', 11, 4, '2025-09-17', '09:00:00', 0, 20, NULL, 0, NULL),
(312, 'Gabriela', 'Márquez', '3514902787', '29333385', 2, 6, '2025-09-12', '18:45:00', 1, 9, NULL, 0, NULL),
(313, 'Valentina', 'Torres', '3515125674', '42232614', 2, 6, '2025-09-26', '17:00:00', 1, 4, NULL, 0, NULL),
(314, 'Martina', 'Fernández', '3516808760', '26294225', 1, 6, '2025-09-24', '18:45:00', 1, NULL, NULL, 0, NULL),
(315, 'Micaela', 'López', '3514771093', '43816359', 7, 7, '2025-09-11', '13:00:00', 0, NULL, NULL, 0, NULL),
(316, 'Marisol', 'Alvarez', '3511712748', '43669686', 4, 6, '2025-09-18', '15:45:00', 0, 8, NULL, 0, NULL),
(317, 'Camila', 'Sosa', '3519821465', '37036849', 10, 5, '2025-09-18', '09:30:00', 1, 12, NULL, 0, NULL),
(318, 'Viviana', 'López', '3517875588', '32657069', 10, 4, '2025-09-30', '14:15:00', 0, 6, NULL, 0, NULL),
(319, 'Viviana', 'Díaz', '3516057662', '36620471', 8, 1, '2025-09-03', '11:30:00', 1, NULL, NULL, 0, NULL),
(320, 'Tamara', 'Mendoza', '3512621745', '40913115', 11, 5, '2025-09-26', '19:00:00', 1, 11, NULL, 0, NULL),
(321, 'Martina', 'Gutiérrez', '3517809134', '27633172', 8, 1, '2025-09-06', '15:00:00', 1, NULL, NULL, 0, NULL),
(322, 'Claudia', 'Ruiz', '3510504556', '24884511', 11, 7, '2025-09-16', '17:45:00', 0, 19, NULL, 0, NULL),
(323, 'Julieta', 'Pérez', '3511969379', '24802233', 5, 6, '2025-09-15', '16:30:00', 0, 15, NULL, 0, NULL),
(324, 'Claudia', 'Ramírez', '3517482175', '39715634', 5, 6, '2025-09-20', '15:30:00', 1, NULL, NULL, 0, NULL),
(325, 'Viviana', 'Ríos', '3511369594', '43463912', 1, 5, '2025-09-19', '09:45:00', 0, 12, NULL, 0, NULL),
(326, 'Andrea', 'Silva', '3517439533', '40833650', 11, 1, '2025-09-17', '19:15:00', 0, 14, NULL, 0, NULL),
(327, 'Sofía', 'Ramírez', '3517095214', '30962874', 9, 4, '2025-09-27', '11:15:00', 1, 5, NULL, 0, NULL),
(328, 'Marisol', 'Pérez', '3514745171', '24723021', 6, 7, '2025-09-15', '19:45:00', 1, NULL, NULL, 0, NULL),
(329, 'Tamara', 'Romero', '3518175496', '41426157', 1, 6, '2025-09-24', '10:15:00', 1, 13, NULL, 0, NULL),
(330, 'Andrea', 'Silva', '3513174612', '21521586', 2, 1, '2025-09-03', '13:45:00', 0, 1, NULL, 0, NULL),
(331, 'Camila', 'Vega', '3515869261', '36419761', 4, 5, '2025-09-27', '13:00:00', 1, 8, NULL, 0, NULL),
(332, 'Carolina', 'Ibarra', '3515158506', '29257045', 11, 1, '2025-09-13', '10:45:00', 0, NULL, NULL, 0, NULL),
(333, 'Lucía', 'Ramírez', '3515329318', '26951047', 1, 7, '2025-09-15', '14:15:00', 0, 2, NULL, 0, NULL),
(334, 'María', 'Medina', '3514210205', '27983659', 3, 1, '2025-09-02', '11:30:00', 1, 17, NULL, 0, NULL),
(335, 'Milagros', 'Fernández', '3511775891', '35166785', 5, 7, '2025-10-03', '12:00:00', 0, 8, NULL, 0, NULL),
(336, 'Lucía', 'Ríos', '3516617711', '30808279', 10, 5, '2025-09-10', '10:15:00', 1, 14, NULL, 0, NULL),
(337, 'Camila', 'Silva', '3518478961', '43547809', 8, 6, '2025-09-08', '19:15:00', 1, 1, NULL, 0, NULL),
(338, 'Martina', 'Rojas', '3517661565', '42317316', 2, 6, '2025-09-17', '14:15:00', 0, NULL, NULL, 0, NULL),
(339, 'Carla', 'Domínguez', '3511528098', '38846966', 6, 6, '2025-09-22', '19:00:00', 1, 15, NULL, 0, NULL),
(340, 'Viviana', 'Alvarez', '3510494519', '37025939', 2, 4, '2025-09-10', '19:45:00', 1, 5, NULL, 0, NULL),
(341, 'Ana', 'Díaz', '3514936899', '42648460', 3, 1, '2025-09-02', '18:30:00', 1, 2, NULL, 0, NULL),
(342, 'Andrea', 'Torres', '3515022961', '24760523', 7, 6, '2025-09-02', '10:15:00', 1, 8, NULL, 0, NULL),
(343, 'Julieta', 'Acosta', '3514599102', '25281799', 8, 5, '2025-09-04', '19:00:00', 1, 15, NULL, 0, NULL),
(344, 'Rocío', 'Silva', '3517643815', '34425507', 11, 7, '2025-09-08', '13:45:00', 0, 3, NULL, 0, NULL),
(345, 'Carolina', 'Ortiz', '3519003432', '28573811', 8, 1, '2025-09-19', '14:00:00', 1, 17, NULL, 0, NULL),
(346, 'Julieta', 'López', '3516838851', '33323497', 2, 6, '2025-09-03', '15:00:00', 1, 4, NULL, 0, NULL),
(347, 'Daniela', 'Ortiz', '3516416052', '40740842', 2, 6, '2025-09-30', '14:00:00', 1, 1, NULL, 0, NULL),
(348, 'Daniela', 'Ortiz', '3518164535', '25641597', 9, 7, '2025-09-05', '17:00:00', 1, NULL, NULL, 0, NULL),
(349, 'Agustina', 'Mendoza', '3512312432', '40213155', 11, 4, '2025-09-10', '19:00:00', 1, 9, NULL, 0, NULL),
(350, 'Gabriela', 'Peralta', '3519799552', '34755991', 5, 5, '2025-09-05', '16:45:00', 0, 12, NULL, 0, NULL),
(351, 'Agustina', 'Herrera', '3511477005', '29632706', 10, 7, '2025-09-05', '19:00:00', 1, 10, NULL, 0, NULL),
(352, 'Paula', 'Peralta', '3518079359', '35959461', 2, 6, '2025-10-03', '11:00:00', 1, 19, NULL, 0, NULL),
(353, 'Brenda', 'Gómez', '3518203778', '37540513', 7, 5, '2025-09-11', '14:30:00', 1, 7, NULL, 0, NULL),
(354, 'Giselle', 'Silva', '3510515186', '29534390', 2, 5, '2025-09-17', '19:15:00', 0, 12, NULL, 0, NULL),
(355, 'Andrea', 'Acosta', '3514629148', '32639260', 9, 6, '2025-09-22', '11:00:00', 0, 5, NULL, 0, NULL),
(356, 'Agustina', 'Suárez', '3512357332', '25199097', 9, 7, '2025-09-05', '13:00:00', 0, 20, NULL, 0, NULL),
(357, 'Giselle', 'Torres', '3519296222', '43248041', 6, 6, '2025-09-11', '16:00:00', 0, 15, NULL, 0, NULL),
(358, 'Paula', 'Silva', '3514738347', '26510102', 5, 6, '2025-09-24', '19:45:00', 1, 18, NULL, 0, NULL),
(359, 'Milagros', 'Herrera', '3516239240', '41514398', 2, 7, '2025-10-01', '14:00:00', 0, 3, NULL, 0, NULL),
(360, 'Gabriela', 'Pérez', '3514782613', '35137343', 7, 1, '2025-09-23', '09:45:00', 1, 10, NULL, 0, NULL),
(361, 'Carolina', 'Ortiz', '3511530515', '24900601', 12, 6, '2025-09-09', '09:30:00', 0, 20, NULL, 0, NULL),
(362, 'Gabriela', 'Cabrera', '3517790104', '27236172', 5, 1, '2025-09-10', '17:45:00', 1, 1, NULL, 0, NULL),
(363, 'Ana', 'Martínez', '3513697117', '40023239', 5, 4, '2025-09-02', '19:15:00', 0, 7, NULL, 0, NULL),
(364, 'Noelia', 'Acosta', '3513962185', '22270941', 8, 6, '2025-10-03', '17:00:00', 1, NULL, NULL, 0, NULL),
(365, 'Agustina', 'Romero', '3510515319', '44668781', 9, 5, '2025-09-22', '11:00:00', 0, 4, NULL, 0, NULL),
(366, 'Marisol', 'Díaz', '3517722170', '29846298', 6, 1, '2025-09-13', '09:15:00', 1, 3, NULL, 0, NULL),
(367, 'Marisol', 'Medina', '3517403450', '42002693', 7, 5, '2025-09-22', '13:00:00', 1, 6, NULL, 0, NULL),
(368, 'Claudia', 'Ortiz', '3515277584', '22771982', 5, 7, '2025-09-06', '15:15:00', 0, 4, NULL, 0, NULL),
(369, 'Carla', 'Torres', '3514479627', '31795959', 7, 7, '2025-09-29', '09:30:00', 0, 2, NULL, 0, NULL),
(370, 'Carla', 'Márquez', '3516582029', '42752886', 4, 1, '2025-09-29', '09:15:00', 1, 18, NULL, 0, NULL),
(371, 'Agustina', 'Ortiz', '3519092755', '34896130', 6, 7, '2025-09-05', '18:15:00', 1, 6, NULL, 0, NULL),
(372, 'Belén', 'Romero', '3513102786', '38846608', 4, 6, '2025-09-08', '13:30:00', 1, 13, NULL, 0, NULL),
(373, 'Brenda', 'Alvarez', '3517312172', '43936721', 12, 5, '2025-09-29', '10:30:00', 1, NULL, NULL, 0, NULL),
(374, 'Claudia', 'Suárez', '3512258313', '24659934', 9, 5, '2025-09-16', '16:00:00', 1, 12, NULL, 0, NULL),
(375, 'Paula', 'Ramírez', '3518291146', '44056299', 10, 6, '2025-10-01', '17:45:00', 0, NULL, NULL, 0, NULL),
(376, 'Martina', 'Gutiérrez', '3511778528', '41467921', 1, 7, '2025-09-12', '11:45:00', 0, 20, NULL, 0, NULL),
(377, 'Milagros', 'López', '3514225358', '29531079', 5, 7, '2025-09-06', '13:15:00', 1, NULL, NULL, 0, NULL),
(378, 'Noelia', 'Medina', '3511829922', '42103407', 2, 1, '2025-09-22', '18:00:00', 1, NULL, NULL, 0, NULL),
(379, 'Belén', 'Sosa', '3519690784', '41538834', 5, 6, '2025-09-20', '16:15:00', 0, 8, NULL, 0, NULL),
(380, 'Brenda', 'Martínez', '3512767735', '40356140', 7, 5, '2025-09-10', '14:30:00', 1, NULL, NULL, 0, NULL),
(381, 'Milagros', 'Medina', '3511537147', '28318777', 7, 5, '2025-09-10', '10:00:00', 1, 13, NULL, 0, NULL),
(382, 'Carolina', 'Ibarra', '3512595327', '37271299', 1, 6, '2025-09-30', '16:30:00', 1, NULL, NULL, 0, NULL),
(383, 'Milagros', 'Vega', '3513395004', '36605893', 7, 1, '2025-10-01', '13:00:00', 1, NULL, NULL, 0, NULL),
(384, 'Lorena', 'Acosta', '3516506098', '26531548', 7, 1, '2025-09-24', '17:30:00', 1, 10, NULL, 0, NULL),
(385, 'Gabriela', 'Medina', '3514991216', '32522458', 4, 4, '2025-09-22', '17:30:00', 1, 13, NULL, 0, NULL),
(386, 'Milagros', 'Martínez', '3510025787', '24997619', 6, 7, '2025-10-03', '11:30:00', 1, NULL, NULL, 0, NULL),
(387, 'Noelia', 'Mendoza', '3514958887', '43781361', 6, 5, '2025-09-20', '16:00:00', 0, 15, NULL, 0, NULL),
(388, 'Valentina', 'Peralta', '3514097499', '27635083', 9, 4, '2025-09-04', '18:45:00', 1, 14, NULL, 0, NULL),
(389, 'María', 'Rojas', '3513091307', '30525773', 7, 4, '2025-09-27', '11:45:00', 1, 10, NULL, 0, NULL),
(390, 'Viviana', 'Ibarra', '3510283857', '37632087', 9, 6, '2025-09-25', '14:15:00', 1, 4, NULL, 0, NULL),
(391, 'Giselle', 'Díaz', '3514973348', '30015969', 12, 4, '2025-09-15', '13:30:00', 1, 16, NULL, 0, NULL),
(392, 'Martina', 'Ríos', '3515844198', '32740422', 1, 5, '2025-09-26', '14:15:00', 0, 3, NULL, 0, NULL),
(393, 'Agustina', 'Alvarez', '3517473384', '38858195', 12, 7, '2025-09-18', '11:00:00', 0, 12, NULL, 0, NULL),
(394, 'Carolina', 'Martínez', '3518330165', '44070542', 9, 1, '2025-10-01', '10:15:00', 1, NULL, NULL, 0, NULL),
(395, 'Belén', 'Alvarez', '3517734540', '23001803', 7, 4, '2025-09-15', '17:00:00', 0, 20, NULL, 0, NULL),
(396, 'Andrea', 'Alvarez', '3510672400', '30012381', 9, 7, '2025-09-22', '13:45:00', 0, 9, NULL, 0, NULL),
(397, 'Viviana', 'Herrera', '3517431527', '41752846', 5, 5, '2025-09-17', '11:00:00', 0, 12, NULL, 0, NULL),
(398, 'Julieta', 'Silva', '3516685161', '26200228', 1, 4, '2025-09-09', '16:30:00', 1, 2, NULL, 0, NULL),
(399, 'Carolina', 'Vega', '3514549904', '41933974', 8, 1, '2025-09-24', '12:00:00', 0, 3, NULL, 0, NULL),
(400, 'Camila', 'Márquez', '3518414593', '27352735', 12, 6, '2025-09-09', '16:15:00', 1, 13, NULL, 0, NULL),
(401, 'Valentina', 'Cabrera', '3518783391', '37633077', 10, 1, '2025-09-29', '17:30:00', 0, NULL, NULL, 0, NULL),
(402, 'Marisol', 'Medina', '3518398225', '37459764', 8, 7, '2025-09-29', '10:15:00', 1, NULL, NULL, 0, NULL),
(403, 'Mariana', 'Martínez', '3517286790', '38750122', 7, 1, '2025-09-30', '19:30:00', 0, 2, NULL, 0, NULL),
(404, 'Lorena', 'Sosa', '3519106518', '22021843', 7, 5, '2025-09-05', '16:00:00', 0, NULL, NULL, 0, NULL),
(405, 'Gabriela', 'Gutiérrez', '3516567661', '42908629', 3, 1, '2025-09-09', '19:30:00', 1, 11, NULL, 0, NULL),
(406, 'Milagros', 'López', '3513004786', '37848730', 6, 6, '2025-09-25', '12:15:00', 1, NULL, NULL, 0, NULL),
(407, 'Vanesa', 'Alvarez', '3511069033', '22257908', 12, 4, '2025-09-03', '16:00:00', 1, NULL, NULL, 0, NULL),
(408, 'Paula', 'Benítez', '3518302843', '44545653', 4, 7, '2025-09-16', '13:15:00', 1, 7, NULL, 0, NULL),
(409, 'Florencia', 'Martínez', '3518926870', '31556643', 7, 6, '2025-09-25', '17:30:00', 1, NULL, NULL, 0, NULL),
(410, 'Camila', 'Pérez', '3518733427', '21933538', 4, 6, '2025-09-27', '15:15:00', 0, 2, NULL, 0, NULL),
(411, 'Martina', 'Gutiérrez', '3511751830', '29008076', 4, 1, '2025-09-25', '19:00:00', 0, 19, NULL, 0, NULL),
(412, 'Rocío', 'Sosa', '3515403317', '28140076', 7, 5, '2025-09-26', '12:30:00', 1, 8, NULL, 0, NULL),
(413, 'Sofía', 'Romero', '3515877175', '26815827', 10, 1, '2025-09-24', '14:45:00', 0, 1, NULL, 0, NULL),
(414, 'Tamara', 'Romero', '3518996423', '31068442', 9, 6, '2025-09-15', '15:15:00', 1, 14, NULL, 0, NULL),
(415, 'Florencia', 'Díaz', '3517772522', '44169711', 1, 7, '2025-10-02', '11:00:00', 0, 20, NULL, 0, NULL),
(416, 'Marisol', 'Márquez', '3510062312', '20306736', 10, 1, '2025-10-03', '16:30:00', 1, 14, NULL, 0, NULL),
(417, 'Giselle', 'Ríos', '3510088600', '37764308', 9, 1, '2025-09-18', '17:30:00', 1, 20, NULL, 0, NULL),
(418, 'Mariana', 'Alvarez', '3512118233', '40796394', 2, 6, '2025-09-17', '14:30:00', 1, 5, NULL, 0, NULL),
(419, 'Paula', 'Peralta', '3513341016', '32725988', 11, 1, '2025-09-25', '17:45:00', 0, NULL, NULL, 0, NULL),
(420, 'Carla', 'Ríos', '3516591803', '27093979', 11, 1, '2025-10-01', '13:00:00', 0, 2, NULL, 0, NULL),
(421, 'Julieta', 'Alvarez', '3515039261', '30042066', 7, 7, '2025-09-11', '18:15:00', 1, 15, NULL, 0, NULL),
(422, 'Camila', 'Díaz', '3512185016', '27789460', 1, 5, '2025-09-05', '14:45:00', 1, 14, NULL, 0, NULL),
(423, 'Mariana', 'Vega', '3517358662', '42806774', 12, 4, '2025-09-25', '10:30:00', 0, NULL, NULL, 0, NULL),
(424, 'Florencia', 'López', '3516265511', '20174322', 2, 5, '2025-09-20', '16:30:00', 0, NULL, NULL, 0, NULL),
(425, 'Julieta', 'Domínguez', '3517888610', '23007109', 10, 7, '2025-09-23', '17:00:00', 1, 19, NULL, 0, NULL),
(426, 'Viviana', 'Ortiz', '3510466183', '39191807', 3, 4, '2025-09-11', '19:45:00', 1, 2, NULL, 0, NULL),
(427, 'Florencia', 'Ríos', '3512126464', '36248106', 12, 4, '2025-09-05', '14:30:00', 1, 14, NULL, 0, NULL),
(428, 'Noelia', 'Silva', '3513712406', '31147359', 7, 5, '2025-09-25', '14:45:00', 0, 20, NULL, 0, NULL),
(429, 'Sofía', 'Torres', '3519375265', '29779377', 7, 5, '2025-10-02', '18:15:00', 1, 2, NULL, 0, NULL),
(430, 'Agustina', 'Fernández', '3519398280', '44401231', 12, 5, '2025-09-30', '12:45:00', 1, NULL, NULL, 0, NULL),
(431, 'Giselle', 'Ríos', '3512434266', '22481858', 7, 7, '2025-09-29', '18:45:00', 1, 11, NULL, 0, NULL),
(432, 'Micaela', 'Martínez', '3515891135', '25581393', 7, 5, '2025-09-03', '18:45:00', 0, NULL, NULL, 0, NULL),
(433, 'Ana', 'Romero', '3513888993', '34957846', 12, 7, '2025-09-24', '15:45:00', 0, 10, NULL, 0, NULL),
(434, 'Agustina', 'Ruiz', '3517146112', '31687970', 9, 4, '2025-09-20', '14:45:00', 1, 9, NULL, 0, NULL),
(435, 'Rocío', 'Fernández', '3517751401', '20757830', 12, 4, '2025-09-22', '19:00:00', 0, 1, NULL, 0, NULL),
(436, 'Micaela', 'Pérez', '3515867362', '26254107', 10, 6, '2025-09-26', '09:15:00', 1, 7, NULL, 0, NULL),
(437, 'Tamara', 'Cabrera', '3513341918', '26273331', 2, 6, '2025-09-24', '14:15:00', 1, 2, NULL, 0, NULL),
(438, 'Milagros', 'Gutiérrez', '3515969691', '31674413', 10, 5, '2025-09-23', '16:15:00', 0, 12, NULL, 0, NULL),
(439, 'Giselle', 'López', '3515134125', '43267869', 10, 6, '2025-09-10', '17:45:00', 1, NULL, NULL, 0, NULL),
(440, 'Valentina', 'Pérez', '3517828274', '24707570', 1, 7, '2025-09-12', '14:45:00', 0, 5, NULL, 0, NULL),
(441, 'Rocío', 'López', '3513688767', '33946243', 10, 1, '2025-09-29', '16:15:00', 0, NULL, NULL, 0, NULL),
(442, 'Sofía', 'Martínez', '3514384279', '44914778', 2, 7, '2025-10-02', '17:00:00', 1, 2, NULL, 0, NULL),
(443, 'Micaela', 'Rojas', '3510783613', '29989454', 2, 5, '2025-09-03', '16:30:00', 0, 8, NULL, 0, NULL),
(444, 'Gabriela', 'Ramírez', '3513395962', '40674603', 10, 1, '2025-09-09', '12:15:00', 1, 5, NULL, 0, NULL),
(445, 'Noelia', 'Medina', '3512544948', '42793502', 11, 5, '2025-09-09', '15:00:00', 0, NULL, NULL, 0, NULL),
(446, 'Carolina', 'López', '3515367294', '41065902', 11, 1, '2025-09-27', '15:45:00', 0, 19, NULL, 0, NULL),
(447, 'Camila', 'Herrera', '3514577590', '44586138', 9, 1, '2025-09-06', '16:30:00', 0, 6, NULL, 0, NULL),
(448, 'Valentina', 'Rojas', '3513745458', '39392235', 11, 5, '2025-09-09', '18:45:00', 0, 18, NULL, 0, NULL),
(449, 'Lucía', 'Fernández', '3517012770', '34354562', 5, 4, '2025-09-13', '11:30:00', 1, NULL, NULL, 0, NULL),
(450, 'Florencia', 'Gómez', '3515206436', '41994434', 8, 4, '2025-09-06', '10:00:00', 0, NULL, NULL, 0, NULL),
(451, 'Daniela', 'Benítez', '3518700516', '43287816', 7, 4, '2025-09-09', '16:00:00', 0, NULL, NULL, 0, NULL),
(452, 'Ana', 'Torres', '3515426221', '37800903', 6, 6, '2025-09-01', '18:15:00', 0, 17, NULL, 0, NULL),
(453, 'Belén', 'Mendoza', '3512697311', '24698061', 7, 5, '2025-09-08', '18:45:00', 0, 4, NULL, 0, NULL),
(454, 'Carolina', 'Romero', '3511389994', '43168532', 9, 4, '2025-09-02', '19:30:00', 0, 13, NULL, 0, NULL),
(455, 'Lorena', 'Ortiz', '3514037613', '36763208', 6, 5, '2025-09-05', '17:00:00', 1, NULL, NULL, 0, NULL),
(456, 'Viviana', 'Rojas', '3519658271', '20560003', 1, 4, '2025-09-05', '09:30:00', 1, NULL, NULL, 0, NULL),
(457, 'Florencia', 'Albarracin', '3513875107', '40829057', 5, 1, '2025-11-06', '11:00:00', 0, 24, NULL, 1, '2025-11-06 19:18:51'),
(458, 'Rolando', 'Garibay', '3513521035', '40829060', 1, 1, '2025-11-06', '09:00:00', 0, 25, NULL, 0, NULL),
(459, 'Rolando', 'Rodriguez', '3518107871', '40829080', 3, 1, '2025-11-06', '13:00:00', 0, 26, NULL, 0, NULL),
(460, 'Julio', 'Cesar', '3516760565', '40829082', 4, 1, '2025-11-06', '11:00:00', 0, 27, NULL, 1, '2025-11-06 19:31:59'),
(461, 'Rolando', 'Rodriguez', '3518107871', '40829080', 3, 1, '2025-11-07', '15:00:00', 0, 28, NULL, 1, '2025-11-06 19:23:55'),
(462, 'Florencia', 'Albarracin', '3513875107', '40829057', 1, 1, '2025-11-07', '09:00:00', 0, 29, 'greta_1762474208_462_5f257e12ec275dfc', 1, '2025-11-06 21:09:55'),
(463, 'Julio', 'Cesar', '3516760565', '40829082', 2, 1, '2025-11-07', '09:00:00', 0, 30, 'greta_1762475308_463_082296e32ee0d9d1', 1, '2025-11-06 21:26:21'),
(464, 'Rolando', 'Rodriguez', '3518107871', '40829080', 4, 1, '2025-11-07', '12:00:00', 0, 28, 'greta_1762475759_464_fc57367abd0ed638', 1, '2025-11-06 21:36:32'),
(465, 'Florencia', 'Albarracin', '3513875107', '40829057', 6, 1, '2025-11-07', '12:00:00', 0, 29, '', 1, '2025-11-06 19:37:00'),
(466, 'Florencia', 'Albarracin', '3513875107', '40829057', 6, 1, '2025-11-07', '16:00:00', 0, 29, NULL, 1, '2025-11-06 20:20:40'),
(467, 'Julio', 'Cesar', '3516760565', '40829082', 5, 1, '2025-11-08', '11:00:00', 0, 31, NULL, 1, '2025-11-06 20:26:07'),
(468, 'Florencia', 'Albarracin', '3513875107', '40829057', 3, 1, '2025-11-08', '09:00:00', 0, 32, NULL, 1, '2025-11-06 20:36:23'),
(469, 'Julio', 'Cesar', '3516760565', '40829082', 1, 1, '2025-11-10', '09:00:00', 0, 33, NULL, 1, '2025-11-06 20:38:27'),
(470, 'Florencia', 'Albarracin', '3513875107', '40829057', 3, 1, '2025-11-10', '09:00:00', 0, 34, 'greta_1762474992_470_5be158275cefe400', 1, '2025-11-06 21:12:47'),
(471, 'Julio', 'Cesar', '3516760565', '40829082', 1, 1, '2025-11-11', '14:00:00', 0, 35, NULL, 1, '2025-11-06 20:53:58'),
(472, 'Julio', 'Cesar', '3516760565', '40829082', 2, 5, '2025-11-11', '12:00:00', 0, 35, NULL, 0, NULL),
(473, 'Laura', 'Benitez', '3516123456', '40211991', 2, 7, '2025-10-30', '09:00:00', 0, NULL, NULL, 1, '2025-10-29 00:00:00'),
(474, 'Mauro', 'Pereyra', '3517239811', '39833122', 4, 7, '2025-10-30', '09:30:00', 0, NULL, NULL, 1, '2025-10-29 00:00:00'),
(475, 'Camila', 'Peralta', '3515583922', '41022991', 1, 7, '2025-10-30', '10:00:00', 0, NULL, NULL, 1, '2025-10-29 00:00:00'),
(476, 'Marcos', 'Quiroga', '3518891211', '42100721', 3, 7, '2025-10-30', '10:30:00', 0, NULL, NULL, 1, '2025-10-29 00:00:00'),
(477, 'Micaela', 'Paz', '3517712290', '40811290', 7, 7, '2025-10-30', '11:00:00', 0, NULL, NULL, 1, '2025-10-29 00:00:00'),
(478, 'Antonella', 'Suarez', '3519011223', '43029911', 8, 7, '2025-10-31', '09:00:00', 0, NULL, NULL, 1, '2025-10-30 00:00:00'),
(479, 'Jorge', 'Martinez', '3514412991', '39512821', 10, 7, '2025-10-31', '09:30:00', 0, NULL, NULL, 1, '2025-10-30 00:00:00'),
(480, 'Sabrina', 'Vera', '3517729101', '42299120', 4, 7, '2025-10-31', '10:00:00', 0, NULL, NULL, 1, '2025-10-30 00:00:00'),
(481, 'Claudia', 'Medina', '3516678321', '39981811', 2, 7, '2025-10-31', '10:30:00', 0, NULL, NULL, 1, '2025-10-30 00:00:00'),
(482, 'Ricardo', 'Altamirano', '3518823211', '40170102', 1, 7, '2025-10-31', '11:00:00', 0, NULL, NULL, 1, '2025-10-30 00:00:00'),
(483, 'Tamara', 'Ruiz', '3513521987', '45322190', 2, 7, '2025-11-01', '09:00:00', 0, NULL, NULL, 1, '2025-10-31 00:00:00'),
(484, 'Lucas', 'Gimenez', '3516592213', '39122771', 7, 7, '2025-11-01', '09:30:00', 0, NULL, NULL, 1, '2025-10-31 00:00:00'),
(485, 'Sofia', 'Lopez', '3513874512', '37755991', 1, 7, '2025-11-01', '10:00:00', 0, NULL, NULL, 1, '2025-10-31 00:00:00'),
(486, 'Lorena', 'Martin', '3512325212', '36221900', 2, 7, '2025-11-01', '10:30:00', 0, NULL, NULL, 1, '2025-10-31 00:00:00'),
(487, 'Paula', 'Herrera', '3516198767', '39911782', 4, 7, '2025-11-01', '11:00:00', 0, 146, NULL, 1, '2025-10-31 00:00:00'),
(488, 'Ricardo', 'Altamirano', '3518823211', '40170102', 1, 6, '2025-11-01', '11:30:00', 0, 155, NULL, 0, NULL),
(489, 'Laura', 'Benitez', '3516123456', '40211991', 8, 7, '2025-11-02', '09:00:00', 0, 95, NULL, 1, '2025-11-01 00:00:00'),
(490, 'Mauro', 'Pereyra', '3517239811', '39833122', 4, 7, '2025-11-02', '09:30:00', 0, 134, NULL, 1, '2025-11-01 00:00:00'),
(491, 'Camila', 'Peralta', '3515583922', '41022991', 1, 7, '2025-11-02', '10:00:00', 0, 45, NULL, 1, '2025-11-01 00:00:00'),
(492, 'Marcos', 'Quiroga', '3518891211', '42100721', 3, 7, '2025-11-02', '10:30:00', 0, 126, NULL, 1, '2025-11-01 00:00:00'),
(493, 'Micaela', 'Paz', '3517712290', '40811290', 7, 7, '2025-11-02', '11:00:00', 0, 144, NULL, 1, '2025-11-01 00:00:00'),
(494, 'Ana', 'Ramirez', '3517712334', '39218911', 4, 7, '2025-11-03', '09:00:00', 0, 36, NULL, 1, '2025-11-02 00:00:00'),
(495, 'Sofia', 'Lopez', '3513874512', '37755991', 8, 7, '2025-11-03', '09:30:00', 0, 172, NULL, 1, '2025-11-02 00:00:00'),
(496, 'Luciana', 'Barrios', '3515519923', '39511230', 2, 7, '2025-11-03', '10:00:00', 0, 116, NULL, 1, '2025-11-02 00:00:00'),
(497, 'Marcela', 'Paz', '3517791023', '40511290', 1, 7, '2025-11-03', '10:30:00', 0, 118, NULL, 1, '2025-11-02 00:00:00'),
(498, 'Clara', 'Diaz', '3519901230', '36877122', 7, 7, '2025-11-03', '11:00:00', 0, 57, NULL, 1, '2025-11-02 00:00:00'),
(499, 'Hernan', 'Vega', '3515512202', '37822190', 4, 7, '2025-11-04', '09:00:00', 0, 73, NULL, 1, '2025-11-03 00:00:00'),
(500, 'Carla', 'Mendez', '3516127210', '41422190', 1, 7, '2025-11-04', '09:30:00', 0, 56, NULL, 1, '2025-11-03 00:00:00'),
(501, 'Tamara', 'Ruiz', '3513521987', '45322190', 3, 7, '2025-11-04', '10:00:00', 0, 180, NULL, 1, '2025-11-03 00:00:00'),
(502, 'Jorge', 'Martinez', '3514412991', '39512821', 10, 7, '2025-11-04', '10:30:00', 0, 81, NULL, 1, '2025-11-03 00:00:00'),
(503, 'Antonella', 'Suarez', '3519011223', '43029911', 8, 7, '2025-11-04', '11:00:00', 0, 37, NULL, 1, '2025-11-03 00:00:00'),
(504, 'Luciana', 'Barrios', '3515519923', '39511230', 2, 7, '2025-11-05', '09:00:00', 0, 117, NULL, 1, '2025-11-04 00:00:00'),
(505, 'Micaela', 'Paz', '3517712290', '40811290', 7, 7, '2025-11-05', '09:30:00', 0, 145, NULL, 1, '2025-11-04 00:00:00'),
(506, 'Clara', 'Diaz', '3519901230', '36877122', 4, 7, '2025-11-05', '10:00:00', 0, 58, NULL, 1, '2025-11-04 00:00:00'),
(507, 'Jorge', 'Martinez', '3514412991', '39512821', 10, 7, '2025-11-05', '10:30:00', 0, 82, NULL, 1, '2025-11-04 00:00:00'),
(508, 'Ricardo', 'Altamirano', '3518823211', '40170102', 1, 6, '2025-11-05', '11:00:00', 0, 156, NULL, 0, NULL),
(509, 'Camila', 'Peralta', '3515583922', '41022991', 2, 7, '2025-11-05', '11:30:00', 0, 46, NULL, 1, '2025-11-04 00:00:00'),
(510, 'Tamara', 'Ruiz', '3513521987', '45322190', 4, 7, '2025-11-05', '12:00:00', 0, 181, NULL, 1, '2025-11-04 00:00:00'),
(511, 'Marcos', 'Quiroga', '3518891211', '42100721', 3, 7, '2025-11-05', '12:30:00', 0, 127, NULL, 1, '2025-11-04 00:00:00'),
(512, 'Laura', 'Benitez', '3516123456', '40211991', 8, 7, '2025-11-05', '13:00:00', 0, 96, NULL, 1, '2025-11-04 00:00:00'),
(513, 'Sabrina', 'Vera', '3517729101', '42299120', 4, 7, '2025-11-05', '13:30:00', 0, 170, NULL, 1, '2025-11-04 00:00:00'),
(514, 'Laura', 'Benitez', '3516123456', '40211991', 2, 7, '2025-11-06', '09:00:00', 0, 97, NULL, 1, '2025-11-05 00:00:00'),
(515, 'Mauro', 'Pereyra', '3517239811', '39833122', 4, 7, '2025-11-06', '09:30:00', 0, 135, NULL, 1, '2025-11-05 00:00:00'),
(516, 'Camila', 'Peralta', '3515583922', '41022991', 1, 7, '2025-11-06', '10:00:00', 0, 47, NULL, 1, '2025-11-05 00:00:00'),
(517, 'Marcos', 'Quiroga', '3518891211', '42100721', 3, 7, '2025-11-06', '10:30:00', 0, 128, NULL, 1, '2025-11-05 00:00:00'),
(518, 'Tamara', 'Ruiz', '3513521987', '45322190', 2, 7, '2025-11-06', '11:00:00', 0, 182, NULL, 1, '2025-11-05 00:00:00'),
(519, 'Antonella', 'Suarez', '3519011223', '43029911', 8, 7, '2025-11-06', '11:30:00', 0, 38, NULL, 1, '2025-11-05 00:00:00'),
(520, 'Sabrina', 'Vera', '3517729101', '42299120', 4, 7, '2025-11-06', '12:00:00', 0, 171, NULL, 1, '2025-11-05 00:00:00'),
(521, 'Ricardo', 'Altamirano', '3518823211', '40170102', 1, 6, '2025-11-06', '12:30:00', 0, 157, NULL, 0, NULL),
(522, 'Claudia', 'Medina', '3516678321', '39981811', 2, 7, '2025-11-06', '13:00:00', 0, 66, NULL, 1, '2025-11-05 00:00:00'),
(523, 'Sofia', 'Lopez', '3513874512', '37755991', 1, 7, '2025-11-06', '13:30:00', 0, 173, NULL, 1, '2025-11-05 00:00:00'),
(524, 'Marcela', 'Paz', '3517791023', '40511290', 7, 7, '2025-11-07', '09:00:00', 0, 119, NULL, 1, '2025-11-06 00:00:00'),
(525, 'Jorge', 'Martinez', '3514412991', '39512821', 10, 7, '2025-11-07', '09:30:00', 0, 83, NULL, 1, '2025-11-06 00:00:00'),
(526, 'Paula', 'Herrera', '3516198767', '39911782', 4, 7, '2025-11-07', '10:00:00', 0, 147, NULL, 1, '2025-11-06 00:00:00'),
(527, 'Lucas', 'Gimenez', '3516592213', '39122771', 7, 7, '2025-11-07', '10:30:00', 0, 109, NULL, 1, '2025-11-06 00:00:00'),
(528, 'Tamara', 'Ruiz', '3513521987', '45322190', 2, 7, '2025-11-07', '11:00:00', 0, 183, NULL, 1, '2025-11-06 00:00:00'),
(529, 'Clara', 'Diaz', '3519901230', '36877122', 8, 7, '2025-11-07', '11:30:00', 0, 59, NULL, 1, '2025-11-06 00:00:00'),
(530, 'Hernan', 'Vega', '3515512202', '37822190', 3, 7, '2025-11-07', '12:00:00', 0, 74, NULL, 1, '2025-11-06 00:00:00'),
(531, 'Lorena', 'Martin', '3512325212', '36221900', 2, 7, '2025-11-07', '12:30:00', 0, 106, NULL, 1, '2025-11-06 00:00:00'),
(532, 'Jorge', 'Martinez', '3514412991', '39512821', 10, 7, '2025-11-07', '13:00:00', 0, 83, NULL, 1, '2025-11-06 00:00:00'),
(533, 'Ricardo', 'Altamirano', '3518823211', '40170102', 1, 6, '2025-11-07', '13:30:00', 0, 158, NULL, 0, NULL),
(534, 'Laura', 'Benitez', '3516123456', '40211991', 2, 7, '2025-11-08', '09:00:00', 0, 98, NULL, 1, '2025-11-07 00:00:00'),
(535, 'Mauro', 'Pereyra', '3517239811', '39833122', 4, 7, '2025-11-08', '09:30:00', 0, 136, NULL, 1, '2025-11-07 00:00:00'),
(536, 'Camila', 'Peralta', '3515583922', '41022991', 1, 7, '2025-11-08', '10:00:00', 0, 48, NULL, 1, '2025-11-07 00:00:00'),
(537, 'Marcos', 'Quiroga', '3518891211', '42100721', 3, 7, '2025-11-08', '10:30:00', 0, 129, NULL, 1, '2025-11-07 00:00:00'),
(538, 'Sofia', 'Lopez', '3513874512', '37755991', 8, 7, '2025-11-08', '11:00:00', 0, 174, NULL, 1, '2025-11-07 00:00:00'),
(539, 'Claudia', 'Medina', '3516678321', '39981811', 2, 7, '2025-11-08', '11:30:00', 0, 67, NULL, 1, '2025-11-07 00:00:00'),
(540, 'Antonella', 'Suarez', '3519011223', '43029911', 4, 7, '2025-11-08', '12:00:00', 0, 39, NULL, 1, '2025-11-07 00:00:00'),
(541, 'Paula', 'Herrera', '3516198767', '39911782', 7, 7, '2025-11-08', '12:30:00', 0, 148, NULL, 1, '2025-11-07 00:00:00'),
(542, 'Jorge', 'Martinez', '3514412991', '39512821', 10, 7, '2025-11-08', '13:00:00', 0, 84, NULL, 1, '2025-11-07 00:00:00'),
(543, 'Ricardo', 'Altamirano', '3518823211', '40170102', 1, 6, '2025-11-08', '13:30:00', 0, 159, NULL, 0, NULL),
(544, 'Lucas', 'Gimenez', '3516592213', '39122771', 7, 7, '2025-11-09', '09:00:00', 0, 110, NULL, 1, '2025-11-08 00:00:00'),
(545, 'Marcela', 'Paz', '3517791023', '40511290', 4, 7, '2025-11-09', '09:30:00', 0, 120, NULL, 1, '2025-11-08 00:00:00'),
(546, 'Clara', 'Diaz', '3519901230', '36877122', 8, 7, '2025-11-09', '10:00:00', 0, 60, NULL, 1, '2025-11-08 00:00:00'),
(547, 'Tamara', 'Ruiz', '3513521987', '45322190', 2, 7, '2025-11-09', '10:30:00', 0, 184, NULL, 1, '2025-11-08 00:00:00'),
(548, 'Hernan', 'Vega', '3515512202', '37822190', 1, 7, '2025-11-09', '11:00:00', 0, 75, NULL, 1, '2025-11-08 00:00:00'),
(549, 'Laura', 'Benitez', '3516123456', '40211991', 8, 7, '2025-11-09', '11:30:00', 0, 99, NULL, 1, '2025-11-08 00:00:00'),
(550, 'Jorge', 'Martinez', '3514412991', '39512821', 10, 7, '2025-11-09', '12:00:00', 0, 85, NULL, 1, '2025-11-08 00:00:00'),
(551, 'Mauro', 'Pereyra', '3517239811', '39833122', 4, 7, '2025-11-09', '12:30:00', 0, 137, NULL, 1, '2025-11-08 00:00:00'),
(552, 'Camila', 'Peralta', '3515583922', '41022991', 2, 7, '2025-11-09', '13:00:00', 0, 49, NULL, 1, '2025-11-08 00:00:00'),
(553, 'Ricardo', 'Altamirano', '3518823211', '40170102', 1, 6, '2025-11-09', '13:30:00', 0, 160, NULL, 0, NULL),
(554, 'Laura', 'Benitez', '3516123456', '40211991', 2, 7, '2025-11-13', '09:00:00', 0, 100, NULL, 1, '2025-11-12 00:00:00'),
(555, 'Mauro', 'Pereyra', '3517239811', '39833122', 4, 7, '2025-11-13', '09:30:00', 0, 138, NULL, 1, '2025-11-12 00:00:00'),
(556, 'Camila', 'Peralta', '3515583922', '41022991', 1, 7, '2025-11-13', '10:00:00', 0, 50, NULL, 1, '2025-11-12 00:00:00'),
(557, 'Marcos', 'Quiroga', '3518891211', '42100721', 3, 7, '2025-11-13', '10:30:00', 0, 130, NULL, 1, '2025-11-12 00:00:00'),
(558, 'Sofia', 'Lopez', '3513874512', '37755991', 8, 7, '2025-11-13', '11:00:00', 0, 175, NULL, 1, '2025-11-12 00:00:00'),
(559, 'Antonella', 'Suarez', '3519011223', '43029911', 4, 7, '2025-11-13', '11:30:00', 0, 40, NULL, 1, '2025-11-12 00:00:00'),
(560, 'Paula', 'Herrera', '3516198767', '39911782', 7, 7, '2025-11-13', '12:00:00', 0, 149, NULL, 1, '2025-11-12 00:00:00'),
(561, 'Jorge', 'Martinez', '3514412991', '39512821', 10, 1, '2025-11-13', '12:30:00', 0, 86, NULL, 0, NULL),
(562, 'Ricardo', 'Altamirano', '3518823211', '40170102', 1, 6, '2025-11-13', '13:00:00', 0, 161, NULL, 0, NULL),
(563, 'Claudia', 'Medina', '3516678321', '39981811', 2, 7, '2025-11-13', '13:30:00', 0, 68, NULL, 1, '2025-11-12 00:00:00'),
(564, 'Lucas', 'Gimenez', '3516592213', '39122771', 7, 7, '2025-11-14', '09:00:00', 0, 111, NULL, 1, '2025-11-13 00:00:00'),
(565, 'Marcela', 'Paz', '3517791023', '40511290', 4, 7, '2025-11-14', '09:30:00', 0, 121, NULL, 1, '2025-11-13 00:00:00'),
(566, 'Clara', 'Diaz', '3519901230', '36877122', 8, 7, '2025-11-14', '10:00:00', 0, 61, NULL, 1, '2025-11-13 00:00:00'),
(567, 'Tamara', 'Ruiz', '3513521987', '45322190', 2, 7, '2025-11-14', '10:30:00', 0, 185, NULL, 1, '2025-11-13 00:00:00'),
(568, 'Hernan', 'Vega', '3515512202', '37822190', 1, 7, '2025-11-14', '11:00:00', 0, 76, NULL, 1, '2025-11-13 00:00:00'),
(569, 'Laura', 'Benitez', '3516123456', '40211991', 8, 7, '2025-11-14', '11:30:00', 0, 101, NULL, 1, '2025-11-13 00:00:00'),
(570, 'Jorge', 'Martinez', '3514412991', '39512821', 10, 7, '2025-11-14', '12:00:00', 0, 87, NULL, 1, '2025-11-13 00:00:00'),
(571, 'Mauro', 'Pereyra', '3517239811', '39833122', 4, 7, '2025-11-14', '12:30:00', 0, 139, NULL, 1, '2025-11-13 00:00:00'),
(572, 'Camila', 'Peralta', '3515583922', '41022991', 2, 7, '2025-11-14', '13:00:00', 0, 51, NULL, 1, '2025-11-13 00:00:00'),
(573, 'Ricardo', 'Altamirano', '3518823211', '40170102', 1, 6, '2025-11-14', '13:30:00', 0, 162, NULL, 0, NULL),
(574, 'Marcela', 'Paz', '3517791023', '40511290', 7, 7, '2025-11-15', '09:00:00', 0, 122, NULL, 1, '2025-11-14 00:00:00'),
(575, 'Jorge', 'Martinez', '3514412991', '39512821', 10, 7, '2025-11-15', '09:30:00', 0, 88, NULL, 1, '2025-11-14 00:00:00'),
(576, 'Paula', 'Herrera', '3516198767', '39911782', 4, 7, '2025-11-15', '10:00:00', 0, 150, NULL, 1, '2025-11-14 00:00:00'),
(577, 'Lucas', 'Gimenez', '3516592213', '39122771', 7, 7, '2025-11-15', '10:30:00', 0, 112, NULL, 1, '2025-11-14 00:00:00'),
(578, 'Tamara', 'Ruiz', '3513521987', '45322190', 2, 7, '2025-11-15', '11:00:00', 0, 186, NULL, 1, '2025-11-14 00:00:00'),
(579, 'Clara', 'Diaz', '3519901230', '36877122', 8, 7, '2025-11-15', '11:30:00', 0, 62, NULL, 1, '2025-11-14 00:00:00'),
(580, 'Hernan', 'Vega', '3515512202', '37822190', 3, 7, '2025-11-15', '12:00:00', 0, 77, NULL, 1, '2025-11-14 00:00:00'),
(581, 'Lorena', 'Martin', '3512325212', '36221900', 2, 7, '2025-11-15', '12:30:00', 0, 107, NULL, 1, '2025-11-14 00:00:00'),
(582, 'Jorge', 'Martinez', '3514412991', '39512821', 10, 7, '2025-11-15', '13:00:00', 0, 88, NULL, 1, '2025-11-14 00:00:00'),
(583, 'Ricardo', 'Altamirano', '3518823211', '40170102', 1, 6, '2025-11-15', '13:30:00', 0, 163, NULL, 0, NULL),
(584, 'Laura', 'Benitez', '3516123456', '40211991', 2, 7, '2025-11-16', '09:00:00', 0, 102, NULL, 1, '2025-11-15 00:00:00'),
(585, 'Mauro', 'Pereyra', '3517239811', '39833122', 4, 7, '2025-11-16', '09:30:00', 0, 140, NULL, 1, '2025-11-15 00:00:00'),
(586, 'Camila', 'Peralta', '3515583922', '41022991', 1, 7, '2025-11-16', '10:00:00', 0, 52, NULL, 1, '2025-11-15 00:00:00'),
(587, 'Marcos', 'Quiroga', '3518891211', '42100721', 3, 7, '2025-11-16', '10:30:00', 0, 131, NULL, 1, '2025-11-15 00:00:00'),
(588, 'Sofia', 'Lopez', '3513874512', '37755991', 8, 7, '2025-11-16', '11:00:00', 0, 176, NULL, 1, '2025-11-15 00:00:00'),
(589, 'Antonella', 'Suarez', '3519011223', '43029911', 4, 7, '2025-11-16', '11:30:00', 0, 41, NULL, 1, '2025-11-15 00:00:00'),
(590, 'Paula', 'Herrera', '3516198767', '39911782', 7, 7, '2025-11-16', '12:00:00', 0, 151, NULL, 1, '2025-11-15 00:00:00'),
(591, 'Jorge', 'Martinez', '3514412991', '39512821', 10, 1, '2025-11-16', '12:30:00', 0, 89, NULL, 0, NULL),
(592, 'Ricardo', 'Altamirano', '3518823211', '40170102', 1, 5, '2025-11-16', '13:00:00', 0, 164, NULL, 0, NULL),
(593, 'Claudia', 'Medina', '3516678321', '39981811', 2, 7, '2025-11-16', '13:30:00', 0, 69, NULL, 1, '2025-11-15 00:00:00'),
(594, 'Tamara', 'Ruiz', '3513521987', '45322190', 2, 7, '2025-11-17', '09:00:00', 0, 187, NULL, 1, '2025-11-16 00:00:00'),
(595, 'Hernan', 'Vega', '3515512202', '37822190', 3, 7, '2025-11-17', '09:30:00', 0, 78, NULL, 1, '2025-11-16 00:00:00'),
(596, 'Clara', 'Diaz', '3519901230', '36877122', 8, 7, '2025-11-17', '10:00:00', 0, 63, NULL, 1, '2025-11-16 00:00:00'),
(597, 'Lucas', 'Gimenez', '3516592213', '39122771', 7, 7, '2025-11-17', '10:30:00', 0, 113, NULL, 1, '2025-11-16 00:00:00'),
(598, 'Marcela', 'Paz', '3517791023', '40511290', 4, 7, '2025-11-17', '11:00:00', 0, 123, NULL, 1, '2025-11-16 00:00:00'),
(599, 'Sofia', 'Lopez', '3513874512', '37755991', 1, 7, '2025-11-17', '11:30:00', 0, 177, NULL, 1, '2025-11-16 00:00:00'),
(600, 'Claudia', 'Medina', '3516678321', '39981811', 2, 7, '2025-11-17', '12:00:00', 0, 70, NULL, 1, '2025-11-16 00:00:00'),
(601, 'Ricardo', 'Altamirano', '3518823211', '40170102', 1, 6, '2025-11-17', '12:30:00', 0, 165, NULL, 0, NULL),
(602, 'Jorge', 'Martinez', '3514412991', '39512821', 10, 7, '2025-11-17', '13:00:00', 0, 90, NULL, 1, '2025-11-16 00:00:00'),
(603, 'Antonella', 'Suarez', '3519011223', '43029911', 4, 7, '2025-11-17', '13:30:00', 0, 42, NULL, 1, '2025-11-16 00:00:00'),
(604, 'Laura', 'Benitez', '3516123456', '40211991', 2, 7, '2025-11-19', '09:00:00', 0, 103, NULL, 1, '2025-11-18 00:00:00'),
(605, 'Mauro', 'Pereyra', '3517239811', '39833122', 4, 7, '2025-11-19', '09:30:00', 0, 141, NULL, 1, '2025-11-18 00:00:00'),
(606, 'Camila', 'Peralta', '3515583922', '41022991', 1, 7, '2025-11-19', '10:00:00', 0, 53, NULL, 1, '2025-11-18 00:00:00'),
(607, 'Marcos', 'Quiroga', '3518891211', '42100721', 3, 7, '2025-11-19', '10:30:00', 0, 132, NULL, 1, '2025-11-18 00:00:00'),
(608, 'Sofia', 'Lopez', '3513874512', '37755991', 8, 7, '2025-11-19', '11:00:00', 0, 178, NULL, 1, '2025-11-18 00:00:00'),
(609, 'Antonella', 'Suarez', '3519011223', '43029911', 4, 7, '2025-11-19', '11:30:00', 0, 43, NULL, 1, '2025-11-18 00:00:00'),
(610, 'Paula', 'Herrera', '3516198767', '39911782', 7, 7, '2025-11-19', '12:00:00', 0, 152, NULL, 1, '2025-11-18 00:00:00'),
(611, 'Jorge', 'Martinez', '3514412991', '39512821', 10, 1, '2025-11-19', '12:30:00', 0, 91, NULL, 0, NULL),
(612, 'Ricardo', 'Altamirano', '3518823211', '40170102', 1, 6, '2025-11-19', '13:00:00', 0, 166, NULL, 0, NULL),
(613, 'Claudia', 'Medina', '3516678321', '39981811', 2, 7, '2025-11-19', '13:30:00', 0, 71, NULL, 1, '2025-11-18 00:00:00'),
(614, 'Lucas', 'Gimenez', '3516592213', '39122771', 7, 7, '2025-11-20', '09:00:00', 0, 114, NULL, 1, '2025-11-19 00:00:00'),
(615, 'Marcela', 'Paz', '3517791023', '40511290', 4, 7, '2025-11-20', '09:30:00', 0, 124, NULL, 1, '2025-11-19 00:00:00'),
(616, 'Clara', 'Diaz', '3519901230', '36877122', 8, 7, '2025-11-20', '10:00:00', 0, 64, NULL, 1, '2025-11-19 00:00:00'),
(617, 'Tamara', 'Ruiz', '3513521987', '45322190', 2, 7, '2025-11-20', '10:30:00', 0, 188, NULL, 1, '2025-11-19 00:00:00'),
(618, 'Hernan', 'Vega', '3515512202', '37822190', 1, 7, '2025-11-20', '11:00:00', 0, 79, NULL, 1, '2025-11-19 00:00:00'),
(619, 'Laura', 'Benitez', '3516123456', '40211991', 8, 7, '2025-11-20', '11:30:00', 0, 104, NULL, 1, '2025-11-19 00:00:00'),
(620, 'Jorge', 'Martinez', '3514412991', '39512821', 10, 7, '2025-11-20', '12:00:00', 0, 92, NULL, 1, '2025-11-19 00:00:00'),
(621, 'Mauro', 'Pereyra', '3517239811', '39833122', 4, 7, '2025-11-20', '12:30:00', 0, 142, NULL, 1, '2025-11-19 00:00:00'),
(622, 'Camila', 'Peralta', '3515583922', '41022991', 2, 7, '2025-11-20', '13:00:00', 0, 54, NULL, 1, '2025-11-19 00:00:00'),
(623, 'Ricardo', 'Altamirano', '3518823211', '40170102', 1, 6, '2025-11-20', '13:30:00', 0, 167, NULL, 0, NULL),
(624, 'Marcela', 'Paz', '3517791023', '40511290', 7, 7, '2025-11-21', '09:00:00', 0, 125, NULL, 1, '2025-11-20 00:00:00'),
(625, 'Jorge', 'Martinez', '3514412991', '39512821', 10, 7, '2025-11-21', '09:30:00', 0, 93, NULL, 1, '2025-11-20 00:00:00'),
(626, 'Paula', 'Herrera', '3516198767', '39911782', 4, 7, '2025-11-21', '10:00:00', 0, 153, NULL, 1, '2025-11-20 00:00:00'),
(627, 'Lucas', 'Gimenez', '3516592213', '39122771', 7, 7, '2025-11-21', '10:30:00', 0, 115, NULL, 1, '2025-11-20 00:00:00'),
(628, 'Tamara', 'Ruiz', '3513521987', '45322190', 2, 7, '2025-11-21', '11:00:00', 0, 189, NULL, 1, '2025-11-20 00:00:00'),
(629, 'Clara', 'Diaz', '3519901230', '36877122', 8, 7, '2025-11-21', '11:30:00', 0, 65, NULL, 1, '2025-11-20 00:00:00'),
(630, 'Hernan', 'Vega', '3515512202', '37822190', 3, 7, '2025-11-21', '12:00:00', 0, 80, NULL, 1, '2025-11-20 00:00:00'),
(631, 'Lorena', 'Martin', '3512325212', '36221900', 2, 7, '2025-11-21', '12:30:00', 0, 108, NULL, 1, '2025-11-20 00:00:00'),
(632, 'Jorge', 'Martinez', '3514412991', '39512821', 10, 7, '2025-11-21', '13:00:00', 0, 93, NULL, 1, '2025-11-20 00:00:00'),
(633, 'Ricardo', 'Altamirano', '3518823211', '40170102', 1, 6, '2025-11-21', '13:30:00', 0, 168, NULL, 0, NULL),
(634, 'Laura', 'Benitez', '3516123456', '40211991', 2, 7, '2025-11-22', '09:00:00', 0, 105, NULL, 1, '2025-11-21 00:00:00'),
(635, 'Mauro', 'Pereyra', '3517239811', '39833122', 4, 7, '2025-11-22', '09:30:00', 0, 143, NULL, 1, '2025-11-21 00:00:00'),
(636, 'Camila', 'Peralta', '3515583922', '41022991', 1, 7, '2025-11-22', '10:00:00', 0, 55, NULL, 1, '2025-11-21 00:00:00'),
(637, 'Marcos', 'Quiroga', '3518891211', '42100721', 3, 7, '2025-11-22', '10:30:00', 0, 133, NULL, 1, '2025-11-21 00:00:00'),
(638, 'Sofia', 'Lopez', '3513874512', '37755991', 8, 7, '2025-11-22', '11:00:00', 0, 179, NULL, 1, '2025-11-21 00:00:00'),
(639, 'Antonella', 'Suarez', '3519011223', '43029911', 4, 7, '2025-11-22', '11:30:00', 0, 44, NULL, 1, '2025-11-21 00:00:00'),
(640, 'Paula', 'Herrera', '3516198767', '39911782', 7, 7, '2025-11-22', '12:00:00', 0, 154, NULL, 1, '2025-11-21 00:00:00'),
(641, 'Jorge', 'Martinez', '3514412991', '39512821', 10, 1, '2025-11-22', '12:30:00', 0, 94, NULL, 0, NULL),
(642, 'Ricardo', 'Altamirano', '3518823211', '40170102', 1, 5, '2025-11-22', '13:00:00', 0, 169, NULL, 0, NULL),
(643, 'Claudia', 'Medina', '3516678321', '39981811', 2, 7, '2025-11-22', '13:30:00', 0, 72, NULL, 1, '2025-11-21 00:00:00');

-- --------------------------------------------------------

--
-- Estructura de tabla para la tabla `usuarios`
--

CREATE TABLE `usuarios` (
  `id` int(11) NOT NULL,
  `nombre` varchar(100) NOT NULL,
  `apellido` varchar(50) DEFAULT NULL,
  `telefono` varchar(20) DEFAULT NULL,
  `telefono_validado` tinyint(1) DEFAULT 0,
  `email` varchar(255) DEFAULT NULL,
  `DNI` varchar(20) DEFAULT NULL,
  `fecha_nacimiento` date DEFAULT NULL,
  `domicilio` varchar(255) DEFAULT NULL,
  `telefono_emergencia` varchar(20) DEFAULT NULL,
  `usuario` varchar(50) NOT NULL,
  `clave` varchar(255) NOT NULL,
  `rol` enum('admin','Supervisor','empleado') NOT NULL,
  `estado` tinyint(1) DEFAULT 1,
  `inicio_activacion` datetime DEFAULT NULL,
  `fin_activacion` datetime DEFAULT NULL
) ENGINE=InnoDB DEFAULT CHARSET=utf8mb4 COLLATE=utf8mb4_general_ci;

--
-- Volcado de datos para la tabla `usuarios`
--

INSERT INTO `usuarios` (`id`, `nombre`, `apellido`, `telefono`, `telefono_validado`, `email`, `DNI`, `fecha_nacimiento`, `domicilio`, `telefono_emergencia`, `usuario`, `clave`, `rol`, `estado`, `inicio_activacion`, `fin_activacion`) VALUES
(1, 'Laura Albarracin', NULL, NULL, 0, NULL, NULL, NULL, NULL, NULL, 'LauLo', '$2y$10$dUoCRkrM8lRxBS/jKNJrNOV0ifLY4ChQ70hsu2buJx1vPjaMsyIUe', 'admin', 1, NULL, NULL),
(2, 'Rolando Garibay 1', NULL, NULL, 0, NULL, NULL, NULL, NULL, NULL, 'Rola', '$2y$10$oHsBaBSx2nTNcM8kycvsa.j5SDeZsSe0VcAH7WA9hI7WeJaqOHJUm', 'empleado', 1, NULL, NULL),
(3, 'Flor Albarracin 23', NULL, NULL, 0, NULL, NULL, NULL, NULL, NULL, 'Flora', '$2y$10$fpDoVtuVzv5.nS2sbREXM.hidLs4/MuvIsFQsGMgPh67ZXDT00aW6', 'empleado', 1, NULL, NULL),
(4, 'Pepe gomez 3', NULL, NULL, 0, NULL, NULL, NULL, NULL, NULL, 'pego', '$2y$10$iTIKV6g8rBX4RieTkQ5SHOO3Cjtr7ZWA0fGKsuBsE/kf2mxW6MJx.', 'empleado', 1, NULL, NULL),
(5, 'asdas', NULL, NULL, 0, NULL, NULL, NULL, NULL, NULL, 'sadas', '$2y$10$JkqQsuU/CV0P.nsuTR3VweQkZd2Q4zC4HbrhWlWnX3Iv1/aVbaLI2', 'admin', 1, NULL, NULL),
(6, 'Julita', NULL, NULL, 0, NULL, NULL, NULL, NULL, NULL, 'Julia', '$2y$10$SzuNYuXopB3lux1f3NaMW.gu0OxYY2KRM8mkxrTi6xfBp/uQgyJYe', 'empleado', 1, NULL, NULL),
(7, 'Jose Perez Lua', NULL, NULL, 0, NULL, NULL, NULL, NULL, NULL, 'Jope', '$2y$10$ZD.olPRDo/r8wHUlztbVVejUGmXA.WQExbM/5f1jZ9dEnarnb.GHe', 'empleado', 1, NULL, NULL),
(8, 'Flor Lopez', NULL, NULL, 0, NULL, NULL, NULL, NULL, NULL, 'Flor Lopez', '$2y$10$kuXd.W/cgfhENynJRQ8JhOhprHbYHj/jlpShHCnmqpxaO/9TH5GDa', 'empleado', 1, NULL, NULL),
(9, 'Laura Se fue ', NULL, NULL, 0, NULL, NULL, NULL, NULL, NULL, 'LaSe', '$2y$10$8fQ7zeVb8lWdy6FgST2X3.E4CPgYPUxR7cUXBzzK/q0BSNGcnH8vq', 'admin', 1, NULL, NULL),
(10, 'Pepe Valerio 12', NULL, NULL, 0, NULL, NULL, NULL, NULL, NULL, 'PeVa', '$2y$10$8o7qIutC/7CdXS/T48aK7uQVWJWtoBUi7zq7IFV4ymm0R0kmI1or2', 'admin', 1, NULL, NULL),
(11, 'Sofia Yandre', NULL, NULL, 0, NULL, NULL, NULL, NULL, NULL, 'SofiaS', '$2y$10$tv59TXXIg7hoSxyIga6UXOb3VXxG2C6/7jS0pzMFwuIfxXpXbO3Sq', 'admin', 0, NULL, NULL),
(12, 'Valentina Maza', NULL, NULL, 0, NULL, NULL, NULL, NULL, NULL, 'VaMa', '$2y$10$L2D0K0u0IrhZP6RQsgwSG.I2VxhCtiib.rKTSm0zOsGl7sMj6nTwa', 'Supervisor', 1, NULL, NULL);

--
-- Índices para tablas volcadas
--

--
-- Indices de la tabla `asistencias`
--
ALTER TABLE `asistencias`
  ADD PRIMARY KEY (`id`),
  ADD KEY `id_usuario` (`id_usuario`);

--
-- Indices de la tabla `estado_turno`
--
ALTER TABLE `estado_turno`
  ADD PRIMARY KEY (`ID`),
  ADD UNIQUE KEY `nombre` (`nombre`);

--
-- Indices de la tabla `facturas`
--
ALTER TABLE `facturas`
  ADD PRIMARY KEY (`id`),
  ADD KEY `grupo_turnos_id` (`grupo_turnos_id`);

--
-- Indices de la tabla `grupo_turnos`
--
ALTER TABLE `grupo_turnos`
  ADD PRIMARY KEY (`id`),
  ADD KEY `idx_fecha_estado` (`fecha`,`estado`);

--
-- Indices de la tabla `pagos`
--
ALTER TABLE `pagos`
  ADD PRIMARY KEY (`id`),
  ADD KEY `turno_id` (`turno_id`),
  ADD KEY `idx_grupo_turnos_id` (`grupo_turnos_id`);

--
-- Indices de la tabla `rubro_servicio`
--
ALTER TABLE `rubro_servicio`
  ADD PRIMARY KEY (`ID`),
  ADD UNIQUE KEY `nombre` (`nombre`);

--
-- Indices de la tabla `servicio`
--
ALTER TABLE `servicio`
  ADD PRIMARY KEY (`ID`),
  ADD UNIQUE KEY `nombre` (`nombre`);

--
-- Indices de la tabla `turno`
--
ALTER TABLE `turno`
  ADD PRIMARY KEY (`ID`),
  ADD KEY `ID_estado_turno_FK` (`ID_estado_turno_FK`),
  ADD KEY `turno_ibfk_3` (`ID_servicio_FK`),
  ADD KEY `idx_grupo_turnos_id` (`grupo_turnos_id`);

--
-- Indices de la tabla `usuarios`
--
ALTER TABLE `usuarios`
  ADD PRIMARY KEY (`id`),
  ADD UNIQUE KEY `usuario` (`usuario`),
  ADD UNIQUE KEY `email` (`email`),
  ADD UNIQUE KEY `DNI` (`DNI`);

--
-- AUTO_INCREMENT de las tablas volcadas
--

--
-- AUTO_INCREMENT de la tabla `asistencias`
--
ALTER TABLE `asistencias`
  MODIFY `id` int(11) NOT NULL AUTO_INCREMENT, AUTO_INCREMENT=194;

--
-- AUTO_INCREMENT de la tabla `estado_turno`
--
ALTER TABLE `estado_turno`
  MODIFY `ID` int(11) NOT NULL AUTO_INCREMENT, AUTO_INCREMENT=8;

--
-- AUTO_INCREMENT de la tabla `facturas`
--
ALTER TABLE `facturas`
  MODIFY `id` int(11) NOT NULL AUTO_INCREMENT, AUTO_INCREMENT=471;

--
-- AUTO_INCREMENT de la tabla `grupo_turnos`
--
ALTER TABLE `grupo_turnos`
  MODIFY `id` int(11) NOT NULL AUTO_INCREMENT, AUTO_INCREMENT=190;

--
-- AUTO_INCREMENT de la tabla `pagos`
--
ALTER TABLE `pagos`
  MODIFY `id` int(11) NOT NULL AUTO_INCREMENT, AUTO_INCREMENT=471;

--
-- AUTO_INCREMENT de la tabla `rubro_servicio`
--
ALTER TABLE `rubro_servicio`
  MODIFY `ID` int(11) NOT NULL AUTO_INCREMENT, AUTO_INCREMENT=7;

--
-- AUTO_INCREMENT de la tabla `servicio`
--
ALTER TABLE `servicio`
  MODIFY `ID` int(11) NOT NULL AUTO_INCREMENT, AUTO_INCREMENT=13;

--
-- AUTO_INCREMENT de la tabla `turno`
--
ALTER TABLE `turno`
  MODIFY `ID` int(11) NOT NULL AUTO_INCREMENT, AUTO_INCREMENT=644;

--
-- AUTO_INCREMENT de la tabla `usuarios`
--
ALTER TABLE `usuarios`
  MODIFY `id` int(11) NOT NULL AUTO_INCREMENT, AUTO_INCREMENT=13;

--
-- Restricciones para tablas volcadas
--

--
-- Filtros para la tabla `asistencias`
--
ALTER TABLE `asistencias`
  ADD CONSTRAINT `asistencias_ibfk_1` FOREIGN KEY (`id_usuario`) REFERENCES `usuarios` (`id`);

--
-- Filtros para la tabla `facturas`
--
ALTER TABLE `facturas`
  ADD CONSTRAINT `facturas_ibfk_1` FOREIGN KEY (`grupo_turnos_id`) REFERENCES `grupo_turnos` (`id`) ON DELETE SET NULL;

--
-- Filtros para la tabla `pagos`
--
ALTER TABLE `pagos`
  ADD CONSTRAINT `pagos_ibfk_1` FOREIGN KEY (`turno_id`) REFERENCES `turno` (`ID`) ON DELETE CASCADE,
  ADD CONSTRAINT `pagos_ibfk_2` FOREIGN KEY (`grupo_turnos_id`) REFERENCES `grupo_turnos` (`id`) ON DELETE SET NULL;

--
-- Filtros para la tabla `turno`
--
ALTER TABLE `turno`
  ADD CONSTRAINT `turno_ibfk_2` FOREIGN KEY (`ID_estado_turno_FK`) REFERENCES `estado_turno` (`ID`),
  ADD CONSTRAINT `turno_ibfk_3` FOREIGN KEY (`ID_servicio_FK`) REFERENCES `servicio` (`ID`),
  ADD CONSTRAINT `turno_ibfk_4` FOREIGN KEY (`grupo_turnos_id`) REFERENCES `grupo_turnos` (`id`) ON DELETE SET NULL;
COMMIT;

/*!40101 SET CHARACTER_SET_CLIENT=@OLD_CHARACTER_SET_CLIENT */;
/*!40101 SET CHARACTER_SET_RESULTS=@OLD_CHARACTER_SET_RESULTS */;
/*!40101 SET COLLATION_CONNECTION=@OLD_COLLATION_CONNECTION */;
